CREATE TABLE "auth_group" ("id" integer NOT NULL PRIMARY KEY AUTOINCREMENT, "name" varchar(80) NOT NULL UNIQUE);
CREATE UNIQUE INDEX auth_group_permissions_group_id_permission_id_0cd325b0_uniq ON "auth_group_permissions" ("group_id", "permission_id");
CREATE INDEX IF NOT EXISTS "auth_group_permissions_group_id_b120cbf9" ON "auth_group_permissions" ("group_id");
CREATE INDEX IF NOT EXISTS "auth_group_permissions_permission_id_84c5c92e" ON "auth_group_permissions" ("permission_id");
CREATE UNIQUE INDEX auth_user_groups_user_id_group_id_94350c0c_uniq ON "auth_user_groups" ("user_id", "group_id");
CREATE INDEX IF NOT EXISTS "auth_user_groups_user_id_6a12ed8b" ON "auth_user_groups" ("user_id");
CREATE INDEX IF NOT EXISTS "auth_user_groups_group_id_97559544" ON "auth_user_groups" ("group_id");
CREATE UNIQUE INDEX auth_user_user_permissions_user_id_permission_id_14a6b632_uniq ON "auth_user_user_permissions" ("user_id", "permission_id");
CREATE INDEX IF NOT EXISTS "auth_user_user_permissions_user_id_a95ead1b" ON "auth_user_user_permissions" ("user_id");
CREATE INDEX IF NOT EXISTS "auth_user_user_permissions_permission_id_1fbb5f2c" ON "auth_user_user_permissions" ("permission_id");
CREATE INDEX IF NOT EXISTS "django_admin_log_content_type_id_c4bce8eb" ON "django_admin_log" ("content_type_id");
CREATE INDEX IF NOT EXISTS "django_admin_log_user_id_c564eba6" ON "django_admin_log" ("user_id");
CREATE UNIQUE INDEX django_content_type_app_label_model_76bd3d3b_uniq ON "django_content_type" ("app_label", "model");
CREATE UNIQUE INDEX auth_permission_content_type_id_codename_01ab375a_uniq ON "auth_permission" ("content_type_id", "codename");
CREATE INDEX IF NOT EXISTS "auth_permission_content_type_id_2f476e4b" ON "auth_permission" ("content_type_id");
CREATE INDEX IF NOT EXISTS "django_session_expire_date_a5c62663" ON "django_session" ("expire_date");
CREATE INDEX IF NOT EXISTS "game_gamelog_game_id_486a16ee" ON "game_gamelog" ("game_id");
CREATE INDEX IF NOT EXISTS "game_gamelog_player_id_1909b973" ON "game_gamelog" ("player_id");
CREATE INDEX IF NOT EXISTS "game_artifact_action_id_f3c10a86" ON "game_artifact" ("action_id");
CREATE INDEX IF NOT EXISTS "game_artifact_player_id_83d4fc6a" ON "game_artifact" ("player_id");
CREATE INDEX IF NOT EXISTS "game_action_name_id_b3829dfc" ON "game_action" ("name_id");
CREATE INDEX IF NOT EXISTS "game_card_action_id_a2f1778e" ON "game_card" ("action_id");
CREATE INDEX IF NOT EXISTS "game_cell_action_id_3dfc07cc" ON "game_cell" ("action_id");
CREATE INDEX IF NOT EXISTS "game_cell_game_id_2d836dfd" ON "game_cell" ("game_id");
CREATE INDEX IF NOT EXISTS "game_cell_artifact_id_03ae3da0" ON "game_cell" ("artifact_id");
CREATE INDEX IF NOT EXISTS "game_game_winner_id_0454b392" ON "game_game" ("winner_id");
CREATE INDEX IF NOT EXISTS "game_player_game_id_d1719ce1" ON "game_player" ("game_id");
CREATE TABLE "auth_group_permissions" ("id" integer NOT NULL PRIMARY KEY AUTOINCREMENT, "group_id" integer NOT NULL REFERENCES "auth_group" ("id") DEFERRABLE INITIALLY DEFERRED, "permission_id" integer NOT NULL REFERENCES "auth_permission" ("id") DEFERRABLE INITIALLY DEFERRED);
CREATE UNIQUE INDEX auth_group_permissions_group_id_permission_id_0cd325b0_uniq ON "auth_group_permissions" ("group_id", "permission_id");
CREATE INDEX IF NOT EXISTS "auth_group_permissions_group_id_b120cbf9" ON "auth_group_permissions" ("group_id");
CREATE INDEX IF NOT EXISTS "auth_group_permissions_permission_id_84c5c92e" ON "auth_group_permissions" ("permission_id");
CREATE UNIQUE INDEX auth_user_groups_user_id_group_id_94350c0c_uniq ON "auth_user_groups" ("user_id", "group_id");
CREATE INDEX IF NOT EXISTS "auth_user_groups_user_id_6a12ed8b" ON "auth_user_groups" ("user_id");
CREATE INDEX IF NOT EXISTS "auth_user_groups_group_id_97559544" ON "auth_user_groups" ("group_id");
CREATE UNIQUE INDEX auth_user_user_permissions_user_id_permission_id_14a6b632_uniq ON "auth_user_user_permissions" ("user_id", "permission_id");
CREATE INDEX IF NOT EXISTS "auth_user_user_permissions_user_id_a95ead1b" ON "auth_user_user_permissions" ("user_id");
CREATE INDEX IF NOT EXISTS "auth_user_user_permissions_permission_id_1fbb5f2c" ON "auth_user_user_permissions" ("permission_id");
CREATE INDEX IF NOT EXISTS "django_admin_log_content_type_id_c4bce8eb" ON "django_admin_log" ("content_type_id");
CREATE INDEX IF NOT EXISTS "django_admin_log_user_id_c564eba6" ON "django_admin_log" ("user_id");
CREATE UNIQUE INDEX django_content_type_app_label_model_76bd3d3b_uniq ON "django_content_type" ("app_label", "model");
CREATE UNIQUE INDEX auth_permission_content_type_id_codename_01ab375a_uniq ON "auth_permission" ("content_type_id", "codename");
CREATE INDEX IF NOT EXISTS "auth_permission_content_type_id_2f476e4b" ON "auth_permission" ("content_type_id");
CREATE INDEX IF NOT EXISTS "django_session_expire_date_a5c62663" ON "django_session" ("expire_date");
CREATE INDEX IF NOT EXISTS "game_gamelog_game_id_486a16ee" ON "game_gamelog" ("game_id");
CREATE INDEX IF NOT EXISTS "game_gamelog_player_id_1909b973" ON "game_gamelog" ("player_id");
CREATE INDEX IF NOT EXISTS "game_artifact_action_id_f3c10a86" ON "game_artifact" ("action_id");
CREATE INDEX IF NOT EXISTS "game_artifact_player_id_83d4fc6a" ON "game_artifact" ("player_id");
CREATE INDEX IF NOT EXISTS "game_action_name_id_b3829dfc" ON "game_action" ("name_id");
CREATE INDEX IF NOT EXISTS "game_card_action_id_a2f1778e" ON "game_card" ("action_id");
CREATE INDEX IF NOT EXISTS "game_cell_action_id_3dfc07cc" ON "game_cell" ("action_id");
CREATE INDEX IF NOT EXISTS "game_cell_game_id_2d836dfd" ON "game_cell" ("game_id");
CREATE INDEX IF NOT EXISTS "game_cell_artifact_id_03ae3da0" ON "game_cell" ("artifact_id");
CREATE INDEX IF NOT EXISTS "game_game_winner_id_0454b392" ON "game_game" ("winner_id");
CREATE INDEX IF NOT EXISTS "game_player_game_id_d1719ce1" ON "game_player" ("game_id");
CREATE TABLE "auth_permission" ("id" integer NOT NULL PRIMARY KEY AUTOINCREMENT, "content_type_id" integer NOT NULL REFERENCES "django_content_type" ("id") DEFERRABLE INITIALLY DEFERRED, "codename" varchar(100) NOT NULL, "name" varchar(255) NOT NULL);
INSERT INTO "auth_permission" VALUES(57,15,'add_game','Can add game');
INSERT INTO "auth_permission" VALUES(58,15,'change_game','Can change game');
INSERT INTO "auth_permission" VALUES(59,15,'delete_game','Can delete game');
INSERT INTO "auth_permission" VALUES(60,15,'view_game','Can view game');
INSERT INTO "auth_permission" VALUES(61,16,'add_player','Can add player');
INSERT INTO "auth_permission" VALUES(62,16,'change_player','Can change player');
INSERT INTO "auth_permission" VALUES(63,16,'delete_player','Can delete player');
INSERT INTO "auth_permission" VALUES(64,16,'view_player','Can view player');
INSERT INTO "auth_permission" VALUES(65,17,'add_actionname','Can add action name');
INSERT INTO "auth_permission" VALUES(66,17,'change_actionname','Can change action name');
INSERT INTO "auth_permission" VALUES(67,17,'delete_actionname','Can delete action name');
INSERT INTO "auth_permission" VALUES(68,17,'view_actionname','Can view action name');
INSERT INTO "auth_permission" VALUES(69,18,'add_action','Can add action');
INSERT INTO "auth_permission" VALUES(70,18,'change_action','Can change action');
INSERT INTO "auth_permission" VALUES(71,18,'delete_action','Can delete action');
INSERT INTO "auth_permission" VALUES(72,18,'view_action','Can view action');
INSERT INTO "auth_permission" VALUES(73,19,'add_card','Can add card');
INSERT INTO "auth_permission" VALUES(74,19,'change_card','Can change card');
INSERT INTO "auth_permission" VALUES(75,19,'delete_card','Can delete card');
INSERT INTO "auth_permission" VALUES(76,19,'view_card','Can view card');
INSERT INTO "auth_permission" VALUES(77,20,'add_artifact','Can add artifact');
INSERT INTO "auth_permission" VALUES(78,20,'change_artifact','Can change artifact');
INSERT INTO "auth_permission" VALUES(79,20,'delete_artifact','Can delete artifact');
INSERT INTO "auth_permission" VALUES(80,20,'view_artifact','Can view artifact');
INSERT INTO "auth_permission" VALUES(81,21,'add_cell','Can add cell');
INSERT INTO "auth_permission" VALUES(82,21,'change_cell','Can change cell');
INSERT INTO "auth_permission" VALUES(83,21,'delete_cell','Can delete cell');
INSERT INTO "auth_permission" VALUES(84,21,'view_cell','Can view cell');
INSERT INTO "auth_permission" VALUES(85,22,'add_gamelog','Can add game log');
INSERT INTO "auth_permission" VALUES(86,22,'change_gamelog','Can change game log');
INSERT INTO "auth_permission" VALUES(87,22,'delete_gamelog','Can delete game log');
INSERT INTO "auth_permission" VALUES(88,22,'view_gamelog','Can view game log');
INSERT INTO "auth_permission" VALUES(89,23,'add_logentry','Can add log entry');
INSERT INTO "auth_permission" VALUES(90,23,'change_logentry','Can change log entry');
INSERT INTO "auth_permission" VALUES(91,23,'delete_logentry','Can delete log entry');
INSERT INTO "auth_permission" VALUES(92,23,'view_logentry','Can view log entry');
INSERT INTO "auth_permission" VALUES(93,24,'add_permission','Can add permission');
INSERT INTO "auth_permission" VALUES(94,24,'change_permission','Can change permission');
INSERT INTO "auth_permission" VALUES(95,24,'delete_permission','Can delete permission');
INSERT INTO "auth_permission" VALUES(96,24,'view_permission','Can view permission');
INSERT INTO "auth_permission" VALUES(97,25,'add_group','Can add group');
INSERT INTO "auth_permission" VALUES(98,25,'change_group','Can change group');
INSERT INTO "auth_permission" VALUES(99,25,'delete_group','Can delete group');
INSERT INTO "auth_permission" VALUES(100,25,'view_group','Can view group');
INSERT INTO "auth_permission" VALUES(101,26,'add_user','Can add user');
INSERT INTO "auth_permission" VALUES(102,26,'change_user','Can change user');
INSERT INTO "auth_permission" VALUES(103,26,'delete_user','Can delete user');
INSERT INTO "auth_permission" VALUES(104,26,'view_user','Can view user');
INSERT INTO "auth_permission" VALUES(105,27,'add_contenttype','Can add content type');
INSERT INTO "auth_permission" VALUES(106,27,'change_contenttype','Can change content type');
INSERT INTO "auth_permission" VALUES(107,27,'delete_contenttype','Can delete content type');
INSERT INTO "auth_permission" VALUES(108,27,'view_contenttype','Can view content type');
INSERT INTO "auth_permission" VALUES(109,28,'add_session','Can add session');
INSERT INTO "auth_permission" VALUES(110,28,'change_session','Can change session');
INSERT INTO "auth_permission" VALUES(111,28,'delete_session','Can delete session');
INSERT INTO "auth_permission" VALUES(112,28,'view_session','Can view session');
CREATE UNIQUE INDEX auth_group_permissions_group_id_permission_id_0cd325b0_uniq ON "auth_group_permissions" ("group_id", "permission_id");
CREATE INDEX IF NOT EXISTS "auth_group_permissions_group_id_b120cbf9" ON "auth_group_permissions" ("group_id");
CREATE INDEX IF NOT EXISTS "auth_group_permissions_permission_id_84c5c92e" ON "auth_group_permissions" ("permission_id");
CREATE UNIQUE INDEX auth_user_groups_user_id_group_id_94350c0c_uniq ON "auth_user_groups" ("user_id", "group_id");
CREATE INDEX IF NOT EXISTS "auth_user_groups_user_id_6a12ed8b" ON "auth_user_groups" ("user_id");
CREATE INDEX IF NOT EXISTS "auth_user_groups_group_id_97559544" ON "auth_user_groups" ("group_id");
CREATE UNIQUE INDEX auth_user_user_permissions_user_id_permission_id_14a6b632_uniq ON "auth_user_user_permissions" ("user_id", "permission_id");
CREATE INDEX IF NOT EXISTS "auth_user_user_permissions_user_id_a95ead1b" ON "auth_user_user_permissions" ("user_id");
CREATE INDEX IF NOT EXISTS "auth_user_user_permissions_permission_id_1fbb5f2c" ON "auth_user_user_permissions" ("permission_id");
CREATE INDEX IF NOT EXISTS "django_admin_log_content_type_id_c4bce8eb" ON "django_admin_log" ("content_type_id");
CREATE INDEX IF NOT EXISTS "django_admin_log_user_id_c564eba6" ON "django_admin_log" ("user_id");
CREATE UNIQUE INDEX django_content_type_app_label_model_76bd3d3b_uniq ON "django_content_type" ("app_label", "model");
CREATE UNIQUE INDEX auth_permission_content_type_id_codename_01ab375a_uniq ON "auth_permission" ("content_type_id", "codename");
CREATE INDEX IF NOT EXISTS "auth_permission_content_type_id_2f476e4b" ON "auth_permission" ("content_type_id");
CREATE INDEX IF NOT EXISTS "django_session_expire_date_a5c62663" ON "django_session" ("expire_date");
CREATE INDEX IF NOT EXISTS "game_gamelog_game_id_486a16ee" ON "game_gamelog" ("game_id");
CREATE INDEX IF NOT EXISTS "game_gamelog_player_id_1909b973" ON "game_gamelog" ("player_id");
CREATE INDEX IF NOT EXISTS "game_artifact_action_id_f3c10a86" ON "game_artifact" ("action_id");
CREATE INDEX IF NOT EXISTS "game_artifact_player_id_83d4fc6a" ON "game_artifact" ("player_id");
CREATE INDEX IF NOT EXISTS "game_action_name_id_b3829dfc" ON "game_action" ("name_id");
CREATE INDEX IF NOT EXISTS "game_card_action_id_a2f1778e" ON "game_card" ("action_id");
CREATE INDEX IF NOT EXISTS "game_cell_action_id_3dfc07cc" ON "game_cell" ("action_id");
CREATE INDEX IF NOT EXISTS "game_cell_game_id_2d836dfd" ON "game_cell" ("game_id");
CREATE INDEX IF NOT EXISTS "game_cell_artifact_id_03ae3da0" ON "game_cell" ("artifact_id");
CREATE INDEX IF NOT EXISTS "game_game_winner_id_0454b392" ON "game_game" ("winner_id");
CREATE INDEX IF NOT EXISTS "game_player_game_id_d1719ce1" ON "game_player" ("game_id");
CREATE TABLE "auth_user" ("id" integer NOT NULL PRIMARY KEY AUTOINCREMENT, "password" varchar(128) NOT NULL, "last_login" datetime NULL, "is_superuser" bool NOT NULL, "username" varchar(150) NOT NULL UNIQUE, "first_name" varchar(30) NOT NULL, "email" varchar(254) NOT NULL, "is_staff" bool NOT NULL, "is_active" bool NOT NULL, "date_joined" datetime NOT NULL, "last_name" varchar(150) NOT NULL);
INSERT INTO "auth_user" VALUES(12,'pbkdf2_sha256$120000$HTzKzGnJDqZ6$ciwT7RqEAQmqcnNVbF17O6tG3pQxyLy51hnwnL8s7nA=','2019-12-22 23:33:58.170053',1,'root','','root@email.com',1,1,'2019-12-22 21:49:24.447127','');
INSERT INTO "auth_user" VALUES(13,'pbkdf2_sha256$120000$hEJfPVeU8kLy$nP7KD0Wvr3b3K7tVPj2YZgXgZIshKD/8av9zrWwPclQ=',NULL,0,'ilker','','ilker@gmail.com',0,1,'2019-12-22 23:33:07.728365','');
INSERT INTO "auth_user" VALUES(14,'pbkdf2_sha256$120000$SjnZ0Go2uV9M$lUVSLKDz9tJk/1Mvr3vDyM3/FKx1GKDeal2D6A+lMVE=',NULL,0,'ilker1','','ilker1@gmail.com',0,1,'2019-12-22 23:33:40.762411','');
INSERT INTO "auth_user" VALUES(15,'pbkdf2_sha256$120000$5K9dLE3f7aFA$GxhW4WV0xGAXYEikwWzgvtO1h8SDwIMIS4sCVu7csTQ=',NULL,0,'onur1','','onur@onur.com',0,1,'2019-12-22 23:33:50.014275','');
INSERT INTO "auth_user" VALUES(16,'pbkdf2_sha256$120000$Y9LK5Bk26aup$h+z9jGUk+pv00YayrUc/z9utrMh+SRA7mu1yVwK8yPs=',NULL,0,'onur2','','onur2@onur2.com',0,1,'2019-12-22 23:34:15.858564','');
CREATE UNIQUE INDEX auth_group_permissions_group_id_permission_id_0cd325b0_uniq ON "auth_group_permissions" ("group_id", "permission_id");
CREATE INDEX IF NOT EXISTS "auth_group_permissions_group_id_b120cbf9" ON "auth_group_permissions" ("group_id");
CREATE INDEX IF NOT EXISTS "auth_group_permissions_permission_id_84c5c92e" ON "auth_group_permissions" ("permission_id");
CREATE UNIQUE INDEX auth_user_groups_user_id_group_id_94350c0c_uniq ON "auth_user_groups" ("user_id", "group_id");
CREATE INDEX IF NOT EXISTS "auth_user_groups_user_id_6a12ed8b" ON "auth_user_groups" ("user_id");
CREATE INDEX IF NOT EXISTS "auth_user_groups_group_id_97559544" ON "auth_user_groups" ("group_id");
CREATE UNIQUE INDEX auth_user_user_permissions_user_id_permission_id_14a6b632_uniq ON "auth_user_user_permissions" ("user_id", "permission_id");
CREATE INDEX IF NOT EXISTS "auth_user_user_permissions_user_id_a95ead1b" ON "auth_user_user_permissions" ("user_id");
CREATE INDEX IF NOT EXISTS "auth_user_user_permissions_permission_id_1fbb5f2c" ON "auth_user_user_permissions" ("permission_id");
CREATE INDEX IF NOT EXISTS "django_admin_log_content_type_id_c4bce8eb" ON "django_admin_log" ("content_type_id");
CREATE INDEX IF NOT EXISTS "django_admin_log_user_id_c564eba6" ON "django_admin_log" ("user_id");
CREATE UNIQUE INDEX django_content_type_app_label_model_76bd3d3b_uniq ON "django_content_type" ("app_label", "model");
CREATE UNIQUE INDEX auth_permission_content_type_id_codename_01ab375a_uniq ON "auth_permission" ("content_type_id", "codename");
CREATE INDEX IF NOT EXISTS "auth_permission_content_type_id_2f476e4b" ON "auth_permission" ("content_type_id");
CREATE INDEX IF NOT EXISTS "django_session_expire_date_a5c62663" ON "django_session" ("expire_date");
CREATE INDEX IF NOT EXISTS "game_gamelog_game_id_486a16ee" ON "game_gamelog" ("game_id");
CREATE INDEX IF NOT EXISTS "game_gamelog_player_id_1909b973" ON "game_gamelog" ("player_id");
CREATE INDEX IF NOT EXISTS "game_artifact_action_id_f3c10a86" ON "game_artifact" ("action_id");
CREATE INDEX IF NOT EXISTS "game_artifact_player_id_83d4fc6a" ON "game_artifact" ("player_id");
CREATE INDEX IF NOT EXISTS "game_action_name_id_b3829dfc" ON "game_action" ("name_id");
CREATE INDEX IF NOT EXISTS "game_card_action_id_a2f1778e" ON "game_card" ("action_id");
CREATE INDEX IF NOT EXISTS "game_cell_action_id_3dfc07cc" ON "game_cell" ("action_id");
CREATE INDEX IF NOT EXISTS "game_cell_game_id_2d836dfd" ON "game_cell" ("game_id");
CREATE INDEX IF NOT EXISTS "game_cell_artifact_id_03ae3da0" ON "game_cell" ("artifact_id");
CREATE INDEX IF NOT EXISTS "game_game_winner_id_0454b392" ON "game_game" ("winner_id");
CREATE INDEX IF NOT EXISTS "game_player_game_id_d1719ce1" ON "game_player" ("game_id");
CREATE TABLE "auth_user_groups" ("id" integer NOT NULL PRIMARY KEY AUTOINCREMENT, "user_id" integer NOT NULL REFERENCES "auth_user" ("id") DEFERRABLE INITIALLY DEFERRED, "group_id" integer NOT NULL REFERENCES "auth_group" ("id") DEFERRABLE INITIALLY DEFERRED);
CREATE UNIQUE INDEX auth_group_permissions_group_id_permission_id_0cd325b0_uniq ON "auth_group_permissions" ("group_id", "permission_id");
CREATE INDEX IF NOT EXISTS "auth_group_permissions_group_id_b120cbf9" ON "auth_group_permissions" ("group_id");
CREATE INDEX IF NOT EXISTS "auth_group_permissions_permission_id_84c5c92e" ON "auth_group_permissions" ("permission_id");
CREATE UNIQUE INDEX auth_user_groups_user_id_group_id_94350c0c_uniq ON "auth_user_groups" ("user_id", "group_id");
CREATE INDEX IF NOT EXISTS "auth_user_groups_user_id_6a12ed8b" ON "auth_user_groups" ("user_id");
CREATE INDEX IF NOT EXISTS "auth_user_groups_group_id_97559544" ON "auth_user_groups" ("group_id");
CREATE UNIQUE INDEX auth_user_user_permissions_user_id_permission_id_14a6b632_uniq ON "auth_user_user_permissions" ("user_id", "permission_id");
CREATE INDEX IF NOT EXISTS "auth_user_user_permissions_user_id_a95ead1b" ON "auth_user_user_permissions" ("user_id");
CREATE INDEX IF NOT EXISTS "auth_user_user_permissions_permission_id_1fbb5f2c" ON "auth_user_user_permissions" ("permission_id");
CREATE INDEX IF NOT EXISTS "django_admin_log_content_type_id_c4bce8eb" ON "django_admin_log" ("content_type_id");
CREATE INDEX IF NOT EXISTS "django_admin_log_user_id_c564eba6" ON "django_admin_log" ("user_id");
CREATE UNIQUE INDEX django_content_type_app_label_model_76bd3d3b_uniq ON "django_content_type" ("app_label", "model");
CREATE UNIQUE INDEX auth_permission_content_type_id_codename_01ab375a_uniq ON "auth_permission" ("content_type_id", "codename");
CREATE INDEX IF NOT EXISTS "auth_permission_content_type_id_2f476e4b" ON "auth_permission" ("content_type_id");
CREATE INDEX IF NOT EXISTS "django_session_expire_date_a5c62663" ON "django_session" ("expire_date");
CREATE INDEX IF NOT EXISTS "game_gamelog_game_id_486a16ee" ON "game_gamelog" ("game_id");
CREATE INDEX IF NOT EXISTS "game_gamelog_player_id_1909b973" ON "game_gamelog" ("player_id");
CREATE INDEX IF NOT EXISTS "game_artifact_action_id_f3c10a86" ON "game_artifact" ("action_id");
CREATE INDEX IF NOT EXISTS "game_artifact_player_id_83d4fc6a" ON "game_artifact" ("player_id");
CREATE INDEX IF NOT EXISTS "game_action_name_id_b3829dfc" ON "game_action" ("name_id");
CREATE INDEX IF NOT EXISTS "game_card_action_id_a2f1778e" ON "game_card" ("action_id");
CREATE INDEX IF NOT EXISTS "game_cell_action_id_3dfc07cc" ON "game_cell" ("action_id");
CREATE INDEX IF NOT EXISTS "game_cell_game_id_2d836dfd" ON "game_cell" ("game_id");
CREATE INDEX IF NOT EXISTS "game_cell_artifact_id_03ae3da0" ON "game_cell" ("artifact_id");
CREATE INDEX IF NOT EXISTS "game_game_winner_id_0454b392" ON "game_game" ("winner_id");
CREATE INDEX IF NOT EXISTS "game_player_game_id_d1719ce1" ON "game_player" ("game_id");
CREATE TABLE "auth_user_user_permissions" ("id" integer NOT NULL PRIMARY KEY AUTOINCREMENT, "user_id" integer NOT NULL REFERENCES "auth_user" ("id") DEFERRABLE INITIALLY DEFERRED, "permission_id" integer NOT NULL REFERENCES "auth_permission" ("id") DEFERRABLE INITIALLY DEFERRED);
CREATE UNIQUE INDEX auth_group_permissions_group_id_permission_id_0cd325b0_uniq ON "auth_group_permissions" ("group_id", "permission_id");
CREATE INDEX IF NOT EXISTS "auth_group_permissions_group_id_b120cbf9" ON "auth_group_permissions" ("group_id");
CREATE INDEX IF NOT EXISTS "auth_group_permissions_permission_id_84c5c92e" ON "auth_group_permissions" ("permission_id");
CREATE UNIQUE INDEX auth_user_groups_user_id_group_id_94350c0c_uniq ON "auth_user_groups" ("user_id", "group_id");
CREATE INDEX IF NOT EXISTS "auth_user_groups_user_id_6a12ed8b" ON "auth_user_groups" ("user_id");
CREATE INDEX IF NOT EXISTS "auth_user_groups_group_id_97559544" ON "auth_user_groups" ("group_id");
CREATE UNIQUE INDEX auth_user_user_permissions_user_id_permission_id_14a6b632_uniq ON "auth_user_user_permissions" ("user_id", "permission_id");
CREATE INDEX IF NOT EXISTS "auth_user_user_permissions_user_id_a95ead1b" ON "auth_user_user_permissions" ("user_id");
CREATE INDEX IF NOT EXISTS "auth_user_user_permissions_permission_id_1fbb5f2c" ON "auth_user_user_permissions" ("permission_id");
CREATE INDEX IF NOT EXISTS "django_admin_log_content_type_id_c4bce8eb" ON "django_admin_log" ("content_type_id");
CREATE INDEX IF NOT EXISTS "django_admin_log_user_id_c564eba6" ON "django_admin_log" ("user_id");
CREATE UNIQUE INDEX django_content_type_app_label_model_76bd3d3b_uniq ON "django_content_type" ("app_label", "model");
CREATE UNIQUE INDEX auth_permission_content_type_id_codename_01ab375a_uniq ON "auth_permission" ("content_type_id", "codename");
CREATE INDEX IF NOT EXISTS "auth_permission_content_type_id_2f476e4b" ON "auth_permission" ("content_type_id");
CREATE INDEX IF NOT EXISTS "django_session_expire_date_a5c62663" ON "django_session" ("expire_date");
CREATE INDEX IF NOT EXISTS "game_gamelog_game_id_486a16ee" ON "game_gamelog" ("game_id");
CREATE INDEX IF NOT EXISTS "game_gamelog_player_id_1909b973" ON "game_gamelog" ("player_id");
CREATE INDEX IF NOT EXISTS "game_artifact_action_id_f3c10a86" ON "game_artifact" ("action_id");
CREATE INDEX IF NOT EXISTS "game_artifact_player_id_83d4fc6a" ON "game_artifact" ("player_id");
CREATE INDEX IF NOT EXISTS "game_action_name_id_b3829dfc" ON "game_action" ("name_id");
CREATE INDEX IF NOT EXISTS "game_card_action_id_a2f1778e" ON "game_card" ("action_id");
CREATE INDEX IF NOT EXISTS "game_cell_action_id_3dfc07cc" ON "game_cell" ("action_id");
CREATE INDEX IF NOT EXISTS "game_cell_game_id_2d836dfd" ON "game_cell" ("game_id");
CREATE INDEX IF NOT EXISTS "game_cell_artifact_id_03ae3da0" ON "game_cell" ("artifact_id");
CREATE INDEX IF NOT EXISTS "game_game_winner_id_0454b392" ON "game_game" ("winner_id");
CREATE INDEX IF NOT EXISTS "game_player_game_id_d1719ce1" ON "game_player" ("game_id");
CREATE TABLE "django_admin_log" ("id" integer NOT NULL PRIMARY KEY AUTOINCREMENT, "action_time" datetime NOT NULL, "object_id" text NULL, "object_repr" varchar(200) NOT NULL, "change_message" text NOT NULL, "content_type_id" integer NULL REFERENCES "django_content_type" ("id") DEFERRABLE INITIALLY DEFERRED, "user_id" integer NOT NULL REFERENCES "auth_user" ("id") DEFERRABLE INITIALLY DEFERRED, "action_flag" smallint unsigned NOT NULL);
INSERT INTO "django_admin_log" VALUES(72,'2019-12-22 23:15:56.329693','7','jumpA','[{"added": {}}]',17,12,1);
INSERT INTO "django_admin_log" VALUES(73,'2019-12-22 23:16:05.843393','8','skip','[{"added": {}}]',17,12,1);
INSERT INTO "django_admin_log" VALUES(74,'2019-12-22 23:16:08.863224','9','jumpR','[{"added": {}}]',17,12,1);
INSERT INTO "django_admin_log" VALUES(75,'2019-12-22 23:16:14.653987','10','pay','[{"added": {}}]',17,12,1);
INSERT INTO "django_admin_log" VALUES(76,'2019-12-22 23:16:16.188487','11','drop','[{"added": {}}]',17,12,1);
INSERT INTO "django_admin_log" VALUES(77,'2019-12-22 23:16:20.602290','12','add','[{"added": {}}]',17,12,1);
INSERT INTO "django_admin_log" VALUES(78,'2019-12-22 23:16:31.229212','13','drawcard','[{"added": {}}]',17,12,1);
INSERT INTO "django_admin_log" VALUES(79,'2019-12-22 23:16:48.275372','6','Action: drop, with value : 20','[{"added": {}}]',18,12,1);
INSERT INTO "django_admin_log" VALUES(80,'2019-12-22 23:17:01.543925','7','Action: drop, with value : 40','[{"added": {}}]',18,12,1);
INSERT INTO "django_admin_log" VALUES(81,'2019-12-22 23:17:21.869369','8','Action: jumpR, with value : 2','[{"added": {}}]',18,12,1);
INSERT INTO "django_admin_log" VALUES(82,'2019-12-22 23:17:28.173104','9','Action: drawcard, with value : 0','[{"added": {}}]',18,12,1);
INSERT INTO "django_admin_log" VALUES(83,'2019-12-22 23:17:33.312933','10','Action: jumpA, with value : 1','[{"added": {}}]',18,12,1);
INSERT INTO "django_admin_log" VALUES(84,'2019-12-22 23:17:43.491500','11','Action: add, with value : 20','[{"added": {}}]',18,12,1);
INSERT INTO "django_admin_log" VALUES(85,'2019-12-22 23:17:52.815918','12','Action: pay, with value : 50','[{"added": {}}]',18,12,1);
INSERT INTO "django_admin_log" VALUES(86,'2019-12-22 23:18:24.237233','7','The card 7 has the Action: drop, with value : 20','[{"added": {}}]',19,12,1);
INSERT INTO "django_admin_log" VALUES(87,'2019-12-22 23:18:32.612217','8','The card 8 has the Action: jumpR, with value : 2','[{"added": {}}]',19,12,1);
INSERT INTO "django_admin_log" VALUES(88,'2019-12-22 23:18:43.501614','9','The card 9 has the Action: pay, with value : 50','[{"added": {}}]',19,12,1);
INSERT INTO "django_admin_log" VALUES(89,'2019-12-22 23:19:25.207845','10','The card 10 has the Action: jumpA, with value : 1','[{"added": {}}]',19,12,1);
INSERT INTO "django_admin_log" VALUES(90,'2019-12-22 23:19:41.105784','11','The card 11 has the Action: add, with value : 20','[{"added": {}}]',19,12,1);
INSERT INTO "django_admin_log" VALUES(91,'2019-12-22 23:23:21.774808','1','Game id: 1, Game name: game2','[{"added": {}}]',15,12,1);
INSERT INTO "django_admin_log" VALUES(92,'2019-12-22 23:23:23.913750','2','Game id: 2, Game name: game1','[{"added": {}}]',15,12,1);
INSERT INTO "django_admin_log" VALUES(93,'2019-12-22 23:23:42.894160','2','Game id: 2, Game name: game2','[{"changed": {"fields": ["name"]}}]',15,12,2);
INSERT INTO "django_admin_log" VALUES(94,'2019-12-22 23:23:49.867761','1','Game id: 1, Game name: game1','[{"changed": {"fields": ["name"]}}]',15,12,2);
INSERT INTO "django_admin_log" VALUES(95,'2019-12-22 23:24:21.033087','5','Artifact: haydar, with price: 10 not owned','[{"added": {}}]',20,12,1);
INSERT INTO "django_admin_log" VALUES(96,'2019-12-22 23:24:22.078372','6','Artifact: firstArtifact, with price: 50 not owned, and has Action: jumpA, with value : 1','[{"added": {}}]',20,12,1);
INSERT INTO "django_admin_log" VALUES(97,'2019-12-22 23:24:45.985964','5','Artifact: haydartifact, with price: 10 not owned','[{"changed": {"fields": ["name"]}}]',20,12,2);
INSERT INTO "django_admin_log" VALUES(98,'2019-12-22 23:25:49.918186','3','0. cell0, Action: jumpR, with value : 2','[{"added": {}}]',21,12,1);
INSERT INTO "django_admin_log" VALUES(99,'2019-12-22 23:26:01.746316','4','0. game2 ilk, Action: add, with value : 20','[{"added": {}}]',21,12,1);
INSERT INTO "django_admin_log" VALUES(100,'2019-12-22 23:26:26.834343','5','1. cell1, Action: add, with value : 20, Artifact: haydartifact, with price: 10 not owned','[{"added": {}}]',21,12,1);
INSERT INTO "django_admin_log" VALUES(101,'2019-12-22 23:26:47.925738','6','1. ikinci, Artifact: firstArtifact, with price: 50 not owned, and has Action: jumpA, with value : 1','[{"added": {}}]',21,12,1);
INSERT INTO "django_admin_log" VALUES(102,'2019-12-22 23:27:06.985215','7','2. cell2, Action: jumpR, with value : 2','[{"added": {}}]',21,12,1);
INSERT INTO "django_admin_log" VALUES(103,'2019-12-22 23:27:30.726898','8','3. cell3, Artifact: firstArtifact, with price: 50 not owned, and has Action: jumpA, with value : 1','[{"added": {}}]',21,12,1);
INSERT INTO "django_admin_log" VALUES(104,'2019-12-22 23:27:43.230789','9','2. gg, Action: drawcard, with value : 0','[{"added": {}}]',21,12,1);
INSERT INTO "django_admin_log" VALUES(105,'2019-12-22 23:27:47.702998','10','4. cell4','[{"added": {}}]',21,12,1);
INSERT INTO "django_admin_log" VALUES(106,'2019-12-22 23:28:11.742662','11','3. hadi, Action: jumpA, with value : 1','[{"added": {}}]',21,12,1);
INSERT INTO "django_admin_log" VALUES(107,'2019-12-22 23:29:02.666606','12','4. sona dogru, Action: jumpR, with value : 2, Artifact: firstArtifact, with price: 50 not owned, and has Action: jumpA, with value : 1','[{"added": {}}]',21,12,1);
INSERT INTO "django_admin_log" VALUES(108,'2019-12-22 23:29:23.042475','13','5. finall','[{"added": {}}]',21,12,1);
CREATE UNIQUE INDEX auth_group_permissions_group_id_permission_id_0cd325b0_uniq ON "auth_group_permissions" ("group_id", "permission_id");
CREATE INDEX IF NOT EXISTS "auth_group_permissions_group_id_b120cbf9" ON "auth_group_permissions" ("group_id");
CREATE INDEX IF NOT EXISTS "auth_group_permissions_permission_id_84c5c92e" ON "auth_group_permissions" ("permission_id");
CREATE UNIQUE INDEX auth_user_groups_user_id_group_id_94350c0c_uniq ON "auth_user_groups" ("user_id", "group_id");
CREATE INDEX IF NOT EXISTS "auth_user_groups_user_id_6a12ed8b" ON "auth_user_groups" ("user_id");
CREATE INDEX IF NOT EXISTS "auth_user_groups_group_id_97559544" ON "auth_user_groups" ("group_id");
CREATE UNIQUE INDEX auth_user_user_permissions_user_id_permission_id_14a6b632_uniq ON "auth_user_user_permissions" ("user_id", "permission_id");
CREATE INDEX IF NOT EXISTS "auth_user_user_permissions_user_id_a95ead1b" ON "auth_user_user_permissions" ("user_id");
CREATE INDEX IF NOT EXISTS "auth_user_user_permissions_permission_id_1fbb5f2c" ON "auth_user_user_permissions" ("permission_id");
CREATE INDEX IF NOT EXISTS "django_admin_log_content_type_id_c4bce8eb" ON "django_admin_log" ("content_type_id");
CREATE INDEX IF NOT EXISTS "django_admin_log_user_id_c564eba6" ON "django_admin_log" ("user_id");
CREATE UNIQUE INDEX django_content_type_app_label_model_76bd3d3b_uniq ON "django_content_type" ("app_label", "model");
CREATE UNIQUE INDEX auth_permission_content_type_id_codename_01ab375a_uniq ON "auth_permission" ("content_type_id", "codename");
CREATE INDEX IF NOT EXISTS "auth_permission_content_type_id_2f476e4b" ON "auth_permission" ("content_type_id");
CREATE INDEX IF NOT EXISTS "django_session_expire_date_a5c62663" ON "django_session" ("expire_date");
CREATE INDEX IF NOT EXISTS "game_gamelog_game_id_486a16ee" ON "game_gamelog" ("game_id");
CREATE INDEX IF NOT EXISTS "game_gamelog_player_id_1909b973" ON "game_gamelog" ("player_id");
CREATE INDEX IF NOT EXISTS "game_artifact_action_id_f3c10a86" ON "game_artifact" ("action_id");
CREATE INDEX IF NOT EXISTS "game_artifact_player_id_83d4fc6a" ON "game_artifact" ("player_id");
CREATE INDEX IF NOT EXISTS "game_action_name_id_b3829dfc" ON "game_action" ("name_id");
CREATE INDEX IF NOT EXISTS "game_card_action_id_a2f1778e" ON "game_card" ("action_id");
CREATE INDEX IF NOT EXISTS "game_cell_action_id_3dfc07cc" ON "game_cell" ("action_id");
CREATE INDEX IF NOT EXISTS "game_cell_game_id_2d836dfd" ON "game_cell" ("game_id");
CREATE INDEX IF NOT EXISTS "game_cell_artifact_id_03ae3da0" ON "game_cell" ("artifact_id");
CREATE INDEX IF NOT EXISTS "game_game_winner_id_0454b392" ON "game_game" ("winner_id");
CREATE INDEX IF NOT EXISTS "game_player_game_id_d1719ce1" ON "game_player" ("game_id");
CREATE TABLE "django_content_type" ("id" integer NOT NULL PRIMARY KEY AUTOINCREMENT, "app_label" varchar(100) NOT NULL, "model" varchar(100) NOT NULL);
INSERT INTO "django_content_type" VALUES(15,'game','game');
INSERT INTO "django_content_type" VALUES(16,'game','player');
INSERT INTO "django_content_type" VALUES(17,'game','actionname');
INSERT INTO "django_content_type" VALUES(18,'game','action');
INSERT INTO "django_content_type" VALUES(19,'game','card');
INSERT INTO "django_content_type" VALUES(20,'game','artifact');
INSERT INTO "django_content_type" VALUES(21,'game','cell');
INSERT INTO "django_content_type" VALUES(22,'game','gamelog');
INSERT INTO "django_content_type" VALUES(23,'admin','logentry');
INSERT INTO "django_content_type" VALUES(24,'auth','permission');
INSERT INTO "django_content_type" VALUES(25,'auth','group');
INSERT INTO "django_content_type" VALUES(26,'auth','user');
INSERT INTO "django_content_type" VALUES(27,'contenttypes','contenttype');
INSERT INTO "django_content_type" VALUES(28,'sessions','session');
CREATE UNIQUE INDEX auth_group_permissions_group_id_permission_id_0cd325b0_uniq ON "auth_group_permissions" ("group_id", "permission_id");
CREATE INDEX IF NOT EXISTS "auth_group_permissions_group_id_b120cbf9" ON "auth_group_permissions" ("group_id");
CREATE INDEX IF NOT EXISTS "auth_group_permissions_permission_id_84c5c92e" ON "auth_group_permissions" ("permission_id");
CREATE UNIQUE INDEX auth_user_groups_user_id_group_id_94350c0c_uniq ON "auth_user_groups" ("user_id", "group_id");
CREATE INDEX IF NOT EXISTS "auth_user_groups_user_id_6a12ed8b" ON "auth_user_groups" ("user_id");
CREATE INDEX IF NOT EXISTS "auth_user_groups_group_id_97559544" ON "auth_user_groups" ("group_id");
CREATE UNIQUE INDEX auth_user_user_permissions_user_id_permission_id_14a6b632_uniq ON "auth_user_user_permissions" ("user_id", "permission_id");
CREATE INDEX IF NOT EXISTS "auth_user_user_permissions_user_id_a95ead1b" ON "auth_user_user_permissions" ("user_id");
CREATE INDEX IF NOT EXISTS "auth_user_user_permissions_permission_id_1fbb5f2c" ON "auth_user_user_permissions" ("permission_id");
CREATE INDEX IF NOT EXISTS "django_admin_log_content_type_id_c4bce8eb" ON "django_admin_log" ("content_type_id");
CREATE INDEX IF NOT EXISTS "django_admin_log_user_id_c564eba6" ON "django_admin_log" ("user_id");
CREATE UNIQUE INDEX django_content_type_app_label_model_76bd3d3b_uniq ON "django_content_type" ("app_label", "model");
CREATE UNIQUE INDEX auth_permission_content_type_id_codename_01ab375a_uniq ON "auth_permission" ("content_type_id", "codename");
CREATE INDEX IF NOT EXISTS "auth_permission_content_type_id_2f476e4b" ON "auth_permission" ("content_type_id");
CREATE INDEX IF NOT EXISTS "django_session_expire_date_a5c62663" ON "django_session" ("expire_date");
CREATE INDEX IF NOT EXISTS "game_gamelog_game_id_486a16ee" ON "game_gamelog" ("game_id");
CREATE INDEX IF NOT EXISTS "game_gamelog_player_id_1909b973" ON "game_gamelog" ("player_id");
CREATE INDEX IF NOT EXISTS "game_artifact_action_id_f3c10a86" ON "game_artifact" ("action_id");
CREATE INDEX IF NOT EXISTS "game_artifact_player_id_83d4fc6a" ON "game_artifact" ("player_id");
CREATE INDEX IF NOT EXISTS "game_action_name_id_b3829dfc" ON "game_action" ("name_id");
CREATE INDEX IF NOT EXISTS "game_card_action_id_a2f1778e" ON "game_card" ("action_id");
CREATE INDEX IF NOT EXISTS "game_cell_action_id_3dfc07cc" ON "game_cell" ("action_id");
CREATE INDEX IF NOT EXISTS "game_cell_game_id_2d836dfd" ON "game_cell" ("game_id");
CREATE INDEX IF NOT EXISTS "game_cell_artifact_id_03ae3da0" ON "game_cell" ("artifact_id");
CREATE INDEX IF NOT EXISTS "game_game_winner_id_0454b392" ON "game_game" ("winner_id");
CREATE INDEX IF NOT EXISTS "game_player_game_id_d1719ce1" ON "game_player" ("game_id");
CREATE TABLE "django_migrations" ("id" integer NOT NULL PRIMARY KEY AUTOINCREMENT, "app" varchar(255) NOT NULL, "name" varchar(255) NOT NULL, "applied" datetime NOT NULL);
INSERT INTO "django_migrations" VALUES(1,'contenttypes','0001_initial','2019-12-21 20:13:05.432652');
INSERT INTO "django_migrations" VALUES(2,'auth','0001_initial','2019-12-21 20:13:05.464057');
INSERT INTO "django_migrations" VALUES(3,'admin','0001_initial','2019-12-21 20:13:05.490040');
INSERT INTO "django_migrations" VALUES(4,'admin','0002_logentry_remove_auto_add','2019-12-21 20:13:05.515506');
INSERT INTO "django_migrations" VALUES(5,'admin','0003_logentry_add_action_flag_choices','2019-12-21 20:13:05.541174');
INSERT INTO "django_migrations" VALUES(6,'contenttypes','0002_remove_content_type_name','2019-12-21 20:13:05.589320');
INSERT INTO "django_migrations" VALUES(7,'auth','0002_alter_permission_name_max_length','2019-12-21 20:13:05.612177');
INSERT INTO "django_migrations" VALUES(8,'auth','0003_alter_user_email_max_length','2019-12-21 20:13:05.653860');
INSERT INTO "django_migrations" VALUES(9,'auth','0004_alter_user_username_opts','2019-12-21 20:13:05.676124');
INSERT INTO "django_migrations" VALUES(10,'auth','0005_alter_user_last_login_null','2019-12-21 20:13:05.703033');
INSERT INTO "django_migrations" VALUES(11,'auth','0006_require_contenttypes_0002','2019-12-21 20:13:05.711095');
INSERT INTO "django_migrations" VALUES(12,'auth','0007_alter_validators_add_error_messages','2019-12-21 20:13:05.735051');
INSERT INTO "django_migrations" VALUES(13,'auth','0008_alter_user_username_max_length','2019-12-21 20:13:05.756613');
INSERT INTO "django_migrations" VALUES(14,'auth','0009_alter_user_last_name_max_length','2019-12-21 20:13:05.781257');
INSERT INTO "django_migrations" VALUES(15,'sessions','0001_initial','2019-12-21 20:13:05.799485');
INSERT INTO "django_migrations" VALUES(16,'game','0001_initial','2019-12-22 03:17:10.693279');
INSERT INTO "django_migrations" VALUES(17,'game','0002_auto_20191222_0520','2019-12-22 05:20:24.042857');
INSERT INTO "django_migrations" VALUES(18,'game','0003_auto_20191222_0521','2019-12-22 05:21:23.497809');
INSERT INTO "django_migrations" VALUES(19,'game','0004_game_ready_player_count','2019-12-22 05:35:14.033462');
INSERT INTO "django_migrations" VALUES(20,'game','0005_auto_20191222_0537','2019-12-22 05:37:10.849360');
INSERT INTO "django_migrations" VALUES(21,'game','0006_auto_20191222_0542','2019-12-22 05:42:45.253942');
INSERT INTO "django_migrations" VALUES(22,'game','0007_auto_20191222_0548','2019-12-22 05:48:48.203229');
INSERT INTO "django_migrations" VALUES(23,'game','0008_artifact_player','2019-12-22 06:49:56.831946');
INSERT INTO "django_migrations" VALUES(24,'game','0009_auto_20191222_0937','2019-12-22 09:52:02.219720');
INSERT INTO "django_migrations" VALUES(25,'game','0010_auto_20191222_0938','2019-12-22 09:52:02.227027');
INSERT INTO "django_migrations" VALUES(26,'game','0011_auto_20191222_0939','2019-12-22 09:52:02.236206');
INSERT INTO "django_migrations" VALUES(27,'game','0012_auto_20191222_0941','2019-12-22 09:52:02.244453');
INSERT INTO "django_migrations" VALUES(28,'game','0013_auto_20191222_0944','2019-12-22 09:52:02.252095');
INSERT INTO "django_migrations" VALUES(29,'game','0014_auto_20191222_0952','2019-12-22 09:52:02.269820');
INSERT INTO "django_migrations" VALUES(30,'game','0009_auto_20191222_0956','2019-12-22 09:56:50.840808');
INSERT INTO "django_migrations" VALUES(31,'game','0010_auto_20191222_1030','2019-12-22 10:30:41.432933');
INSERT INTO "django_migrations" VALUES(32,'game','0011_auto_20191222_1045','2019-12-22 10:45:37.473658');
INSERT INTO "django_migrations" VALUES(33,'game','0012_card','2019-12-22 11:45:19.692496');
INSERT INTO "django_migrations" VALUES(34,'game','0013_auto_20191222_1237','2019-12-22 12:37:33.543636');
INSERT INTO "django_migrations" VALUES(35,'game','0014_player_is_ready','2019-12-22 19:11:16.240875');
INSERT INTO "django_migrations" VALUES(36,'game','0015_player_next_available_move','2019-12-22 19:37:12.954622');
INSERT INTO "django_migrations" VALUES(37,'game','0016_player_artifact_count','2019-12-22 21:22:35.104528');
INSERT INTO "django_migrations" VALUES(38,'game','0017_auto_20191222_2314','2019-12-22 23:14:36.627453');
CREATE UNIQUE INDEX auth_group_permissions_group_id_permission_id_0cd325b0_uniq ON "auth_group_permissions" ("group_id", "permission_id");
CREATE INDEX IF NOT EXISTS "auth_group_permissions_group_id_b120cbf9" ON "auth_group_permissions" ("group_id");
CREATE INDEX IF NOT EXISTS "auth_group_permissions_permission_id_84c5c92e" ON "auth_group_permissions" ("permission_id");
CREATE UNIQUE INDEX auth_user_groups_user_id_group_id_94350c0c_uniq ON "auth_user_groups" ("user_id", "group_id");
CREATE INDEX IF NOT EXISTS "auth_user_groups_user_id_6a12ed8b" ON "auth_user_groups" ("user_id");
CREATE INDEX IF NOT EXISTS "auth_user_groups_group_id_97559544" ON "auth_user_groups" ("group_id");
CREATE UNIQUE INDEX auth_user_user_permissions_user_id_permission_id_14a6b632_uniq ON "auth_user_user_permissions" ("user_id", "permission_id");
CREATE INDEX IF NOT EXISTS "auth_user_user_permissions_user_id_a95ead1b" ON "auth_user_user_permissions" ("user_id");
CREATE INDEX IF NOT EXISTS "auth_user_user_permissions_permission_id_1fbb5f2c" ON "auth_user_user_permissions" ("permission_id");
CREATE INDEX IF NOT EXISTS "django_admin_log_content_type_id_c4bce8eb" ON "django_admin_log" ("content_type_id");
CREATE INDEX IF NOT EXISTS "django_admin_log_user_id_c564eba6" ON "django_admin_log" ("user_id");
CREATE UNIQUE INDEX django_content_type_app_label_model_76bd3d3b_uniq ON "django_content_type" ("app_label", "model");
CREATE UNIQUE INDEX auth_permission_content_type_id_codename_01ab375a_uniq ON "auth_permission" ("content_type_id", "codename");
CREATE INDEX IF NOT EXISTS "auth_permission_content_type_id_2f476e4b" ON "auth_permission" ("content_type_id");
CREATE INDEX IF NOT EXISTS "django_session_expire_date_a5c62663" ON "django_session" ("expire_date");
CREATE INDEX IF NOT EXISTS "game_gamelog_game_id_486a16ee" ON "game_gamelog" ("game_id");
CREATE INDEX IF NOT EXISTS "game_gamelog_player_id_1909b973" ON "game_gamelog" ("player_id");
CREATE INDEX IF NOT EXISTS "game_artifact_action_id_f3c10a86" ON "game_artifact" ("action_id");
CREATE INDEX IF NOT EXISTS "game_artifact_player_id_83d4fc6a" ON "game_artifact" ("player_id");
CREATE INDEX IF NOT EXISTS "game_action_name_id_b3829dfc" ON "game_action" ("name_id");
CREATE INDEX IF NOT EXISTS "game_card_action_id_a2f1778e" ON "game_card" ("action_id");
CREATE INDEX IF NOT EXISTS "game_cell_action_id_3dfc07cc" ON "game_cell" ("action_id");
CREATE INDEX IF NOT EXISTS "game_cell_game_id_2d836dfd" ON "game_cell" ("game_id");
CREATE INDEX IF NOT EXISTS "game_cell_artifact_id_03ae3da0" ON "game_cell" ("artifact_id");
CREATE INDEX IF NOT EXISTS "game_game_winner_id_0454b392" ON "game_game" ("winner_id");
CREATE INDEX IF NOT EXISTS "game_player_game_id_d1719ce1" ON "game_player" ("game_id");
CREATE TABLE "django_session" ("session_key" varchar(40) NOT NULL PRIMARY KEY, "session_data" text NOT NULL, "expire_date" datetime NOT NULL);
INSERT INTO "django_session" VALUES('jhhh3xutdv30dhlv0g0pbxw9ctxjxunm','NzM3YzA2OWRlODAxMmUwZWQ1OTVjYmIxYTZiZDAyMTVlNGJlYjNkYjp7Il9hdXRoX3VzZXJfaWQiOiIxMiIsIl9hdXRoX3VzZXJfYmFja2VuZCI6ImRqYW5nby5jb250cmliLmF1dGguYmFja2VuZHMuTW9kZWxCYWNrZW5kIiwiX2F1dGhfdXNlcl9oYXNoIjoiMDUwMjQ3MmM4ZTkzMmFhMjhmMjM4ODJlNDY5NGIzNGVmNzc2ZTBlZSJ9','2020-01-05 23:33:58.172289');
CREATE UNIQUE INDEX auth_group_permissions_group_id_permission_id_0cd325b0_uniq ON "auth_group_permissions" ("group_id", "permission_id");
CREATE INDEX IF NOT EXISTS "auth_group_permissions_group_id_b120cbf9" ON "auth_group_permissions" ("group_id");
CREATE INDEX IF NOT EXISTS "auth_group_permissions_permission_id_84c5c92e" ON "auth_group_permissions" ("permission_id");
CREATE UNIQUE INDEX auth_user_groups_user_id_group_id_94350c0c_uniq ON "auth_user_groups" ("user_id", "group_id");
CREATE INDEX IF NOT EXISTS "auth_user_groups_user_id_6a12ed8b" ON "auth_user_groups" ("user_id");
CREATE INDEX IF NOT EXISTS "auth_user_groups_group_id_97559544" ON "auth_user_groups" ("group_id");
CREATE UNIQUE INDEX auth_user_user_permissions_user_id_permission_id_14a6b632_uniq ON "auth_user_user_permissions" ("user_id", "permission_id");
CREATE INDEX IF NOT EXISTS "auth_user_user_permissions_user_id_a95ead1b" ON "auth_user_user_permissions" ("user_id");
CREATE INDEX IF NOT EXISTS "auth_user_user_permissions_permission_id_1fbb5f2c" ON "auth_user_user_permissions" ("permission_id");
CREATE INDEX IF NOT EXISTS "django_admin_log_content_type_id_c4bce8eb" ON "django_admin_log" ("content_type_id");
CREATE INDEX IF NOT EXISTS "django_admin_log_user_id_c564eba6" ON "django_admin_log" ("user_id");
CREATE UNIQUE INDEX django_content_type_app_label_model_76bd3d3b_uniq ON "django_content_type" ("app_label", "model");
CREATE UNIQUE INDEX auth_permission_content_type_id_codename_01ab375a_uniq ON "auth_permission" ("content_type_id", "codename");
CREATE INDEX IF NOT EXISTS "auth_permission_content_type_id_2f476e4b" ON "auth_permission" ("content_type_id");
CREATE INDEX IF NOT EXISTS "django_session_expire_date_a5c62663" ON "django_session" ("expire_date");
CREATE INDEX IF NOT EXISTS "game_gamelog_game_id_486a16ee" ON "game_gamelog" ("game_id");
CREATE INDEX IF NOT EXISTS "game_gamelog_player_id_1909b973" ON "game_gamelog" ("player_id");
CREATE INDEX IF NOT EXISTS "game_artifact_action_id_f3c10a86" ON "game_artifact" ("action_id");
CREATE INDEX IF NOT EXISTS "game_artifact_player_id_83d4fc6a" ON "game_artifact" ("player_id");
CREATE INDEX IF NOT EXISTS "game_action_name_id_b3829dfc" ON "game_action" ("name_id");
CREATE INDEX IF NOT EXISTS "game_card_action_id_a2f1778e" ON "game_card" ("action_id");
CREATE INDEX IF NOT EXISTS "game_cell_action_id_3dfc07cc" ON "game_cell" ("action_id");
CREATE INDEX IF NOT EXISTS "game_cell_game_id_2d836dfd" ON "game_cell" ("game_id");
CREATE INDEX IF NOT EXISTS "game_cell_artifact_id_03ae3da0" ON "game_cell" ("artifact_id");
CREATE INDEX IF NOT EXISTS "game_game_winner_id_0454b392" ON "game_game" ("winner_id");
CREATE INDEX IF NOT EXISTS "game_player_game_id_d1719ce1" ON "game_player" ("game_id");
CREATE TABLE "game_action" ("id" integer NOT NULL PRIMARY KEY AUTOINCREMENT, "name_id" integer NOT NULL REFERENCES "game_actionname" ("id") DEFERRABLE INITIALLY DEFERRED, "value" integer NOT NULL, "player_id" integer NULL);
INSERT INTO "game_action" VALUES(6,11,20,0);
INSERT INTO "game_action" VALUES(7,11,40,0);
INSERT INTO "game_action" VALUES(8,9,2,0);
INSERT INTO "game_action" VALUES(9,13,0,0);
INSERT INTO "game_action" VALUES(10,7,1,0);
INSERT INTO "game_action" VALUES(11,12,20,0);
INSERT INTO "game_action" VALUES(12,10,50,-1);
CREATE UNIQUE INDEX auth_group_permissions_group_id_permission_id_0cd325b0_uniq ON "auth_group_permissions" ("group_id", "permission_id");
CREATE INDEX IF NOT EXISTS "auth_group_permissions_group_id_b120cbf9" ON "auth_group_permissions" ("group_id");
CREATE INDEX IF NOT EXISTS "auth_group_permissions_permission_id_84c5c92e" ON "auth_group_permissions" ("permission_id");
CREATE UNIQUE INDEX auth_user_groups_user_id_group_id_94350c0c_uniq ON "auth_user_groups" ("user_id", "group_id");
CREATE INDEX IF NOT EXISTS "auth_user_groups_user_id_6a12ed8b" ON "auth_user_groups" ("user_id");
CREATE INDEX IF NOT EXISTS "auth_user_groups_group_id_97559544" ON "auth_user_groups" ("group_id");
CREATE UNIQUE INDEX auth_user_user_permissions_user_id_permission_id_14a6b632_uniq ON "auth_user_user_permissions" ("user_id", "permission_id");
CREATE INDEX IF NOT EXISTS "auth_user_user_permissions_user_id_a95ead1b" ON "auth_user_user_permissions" ("user_id");
CREATE INDEX IF NOT EXISTS "auth_user_user_permissions_permission_id_1fbb5f2c" ON "auth_user_user_permissions" ("permission_id");
CREATE INDEX IF NOT EXISTS "django_admin_log_content_type_id_c4bce8eb" ON "django_admin_log" ("content_type_id");
CREATE INDEX IF NOT EXISTS "django_admin_log_user_id_c564eba6" ON "django_admin_log" ("user_id");
CREATE UNIQUE INDEX django_content_type_app_label_model_76bd3d3b_uniq ON "django_content_type" ("app_label", "model");
CREATE UNIQUE INDEX auth_permission_content_type_id_codename_01ab375a_uniq ON "auth_permission" ("content_type_id", "codename");
CREATE INDEX IF NOT EXISTS "auth_permission_content_type_id_2f476e4b" ON "auth_permission" ("content_type_id");
CREATE INDEX IF NOT EXISTS "django_session_expire_date_a5c62663" ON "django_session" ("expire_date");
CREATE INDEX IF NOT EXISTS "game_gamelog_game_id_486a16ee" ON "game_gamelog" ("game_id");
CREATE INDEX IF NOT EXISTS "game_gamelog_player_id_1909b973" ON "game_gamelog" ("player_id");
CREATE INDEX IF NOT EXISTS "game_artifact_action_id_f3c10a86" ON "game_artifact" ("action_id");
CREATE INDEX IF NOT EXISTS "game_artifact_player_id_83d4fc6a" ON "game_artifact" ("player_id");
CREATE INDEX IF NOT EXISTS "game_action_name_id_b3829dfc" ON "game_action" ("name_id");
CREATE INDEX IF NOT EXISTS "game_card_action_id_a2f1778e" ON "game_card" ("action_id");
CREATE INDEX IF NOT EXISTS "game_cell_action_id_3dfc07cc" ON "game_cell" ("action_id");
CREATE INDEX IF NOT EXISTS "game_cell_game_id_2d836dfd" ON "game_cell" ("game_id");
CREATE INDEX IF NOT EXISTS "game_cell_artifact_id_03ae3da0" ON "game_cell" ("artifact_id");
CREATE INDEX IF NOT EXISTS "game_game_winner_id_0454b392" ON "game_game" ("winner_id");
CREATE INDEX IF NOT EXISTS "game_player_game_id_d1719ce1" ON "game_player" ("game_id");
CREATE TABLE "game_actionname" ("id" integer NOT NULL PRIMARY KEY AUTOINCREMENT, "name" varchar(20) NOT NULL);
INSERT INTO "game_actionname" VALUES(7,'jumpA');
INSERT INTO "game_actionname" VALUES(8,'skip');
INSERT INTO "game_actionname" VALUES(9,'jumpR');
INSERT INTO "game_actionname" VALUES(10,'pay');
INSERT INTO "game_actionname" VALUES(11,'drop');
INSERT INTO "game_actionname" VALUES(12,'add');
INSERT INTO "game_actionname" VALUES(13,'drawcard');
CREATE UNIQUE INDEX auth_group_permissions_group_id_permission_id_0cd325b0_uniq ON "auth_group_permissions" ("group_id", "permission_id");
CREATE INDEX IF NOT EXISTS "auth_group_permissions_group_id_b120cbf9" ON "auth_group_permissions" ("group_id");
CREATE INDEX IF NOT EXISTS "auth_group_permissions_permission_id_84c5c92e" ON "auth_group_permissions" ("permission_id");
CREATE UNIQUE INDEX auth_user_groups_user_id_group_id_94350c0c_uniq ON "auth_user_groups" ("user_id", "group_id");
CREATE INDEX IF NOT EXISTS "auth_user_groups_user_id_6a12ed8b" ON "auth_user_groups" ("user_id");
CREATE INDEX IF NOT EXISTS "auth_user_groups_group_id_97559544" ON "auth_user_groups" ("group_id");
CREATE UNIQUE INDEX auth_user_user_permissions_user_id_permission_id_14a6b632_uniq ON "auth_user_user_permissions" ("user_id", "permission_id");
CREATE INDEX IF NOT EXISTS "auth_user_user_permissions_user_id_a95ead1b" ON "auth_user_user_permissions" ("user_id");
CREATE INDEX IF NOT EXISTS "auth_user_user_permissions_permission_id_1fbb5f2c" ON "auth_user_user_permissions" ("permission_id");
CREATE INDEX IF NOT EXISTS "django_admin_log_content_type_id_c4bce8eb" ON "django_admin_log" ("content_type_id");
CREATE INDEX IF NOT EXISTS "django_admin_log_user_id_c564eba6" ON "django_admin_log" ("user_id");
CREATE UNIQUE INDEX django_content_type_app_label_model_76bd3d3b_uniq ON "django_content_type" ("app_label", "model");
CREATE UNIQUE INDEX auth_permission_content_type_id_codename_01ab375a_uniq ON "auth_permission" ("content_type_id", "codename");
CREATE INDEX IF NOT EXISTS "auth_permission_content_type_id_2f476e4b" ON "auth_permission" ("content_type_id");
CREATE INDEX IF NOT EXISTS "django_session_expire_date_a5c62663" ON "django_session" ("expire_date");
CREATE INDEX IF NOT EXISTS "game_gamelog_game_id_486a16ee" ON "game_gamelog" ("game_id");
CREATE INDEX IF NOT EXISTS "game_gamelog_player_id_1909b973" ON "game_gamelog" ("player_id");
CREATE INDEX IF NOT EXISTS "game_artifact_action_id_f3c10a86" ON "game_artifact" ("action_id");
CREATE INDEX IF NOT EXISTS "game_artifact_player_id_83d4fc6a" ON "game_artifact" ("player_id");
CREATE INDEX IF NOT EXISTS "game_action_name_id_b3829dfc" ON "game_action" ("name_id");
CREATE INDEX IF NOT EXISTS "game_card_action_id_a2f1778e" ON "game_card" ("action_id");
CREATE INDEX IF NOT EXISTS "game_cell_action_id_3dfc07cc" ON "game_cell" ("action_id");
CREATE INDEX IF NOT EXISTS "game_cell_game_id_2d836dfd" ON "game_cell" ("game_id");
CREATE INDEX IF NOT EXISTS "game_cell_artifact_id_03ae3da0" ON "game_cell" ("artifact_id");
CREATE INDEX IF NOT EXISTS "game_game_winner_id_0454b392" ON "game_game" ("winner_id");
CREATE INDEX IF NOT EXISTS "game_player_game_id_d1719ce1" ON "game_player" ("game_id");
CREATE TABLE "game_artifact" ("id" integer NOT NULL PRIMARY KEY AUTOINCREMENT, "name" varchar(20) NOT NULL, "owned" bool NOT NULL, "price" integer NOT NULL, "action_id" integer NULL REFERENCES "game_action" ("id") DEFERRABLE INITIALLY DEFERRED, "player_id" integer NULL REFERENCES "game_player" ("id") DEFERRABLE INITIALLY DEFERRED);
INSERT INTO "game_artifact" VALUES(5,'haydartifact',0,10,NULL,NULL);
INSERT INTO "game_artifact" VALUES(6,'firstArtifact',0,50,10,NULL);
CREATE UNIQUE INDEX auth_group_permissions_group_id_permission_id_0cd325b0_uniq ON "auth_group_permissions" ("group_id", "permission_id");
CREATE INDEX IF NOT EXISTS "auth_group_permissions_group_id_b120cbf9" ON "auth_group_permissions" ("group_id");
CREATE INDEX IF NOT EXISTS "auth_group_permissions_permission_id_84c5c92e" ON "auth_group_permissions" ("permission_id");
CREATE UNIQUE INDEX auth_user_groups_user_id_group_id_94350c0c_uniq ON "auth_user_groups" ("user_id", "group_id");
CREATE INDEX IF NOT EXISTS "auth_user_groups_user_id_6a12ed8b" ON "auth_user_groups" ("user_id");
CREATE INDEX IF NOT EXISTS "auth_user_groups_group_id_97559544" ON "auth_user_groups" ("group_id");
CREATE UNIQUE INDEX auth_user_user_permissions_user_id_permission_id_14a6b632_uniq ON "auth_user_user_permissions" ("user_id", "permission_id");
CREATE INDEX IF NOT EXISTS "auth_user_user_permissions_user_id_a95ead1b" ON "auth_user_user_permissions" ("user_id");
CREATE INDEX IF NOT EXISTS "auth_user_user_permissions_permission_id_1fbb5f2c" ON "auth_user_user_permissions" ("permission_id");
CREATE INDEX IF NOT EXISTS "django_admin_log_content_type_id_c4bce8eb" ON "django_admin_log" ("content_type_id");
CREATE INDEX IF NOT EXISTS "django_admin_log_user_id_c564eba6" ON "django_admin_log" ("user_id");
CREATE UNIQUE INDEX django_content_type_app_label_model_76bd3d3b_uniq ON "django_content_type" ("app_label", "model");
CREATE UNIQUE INDEX auth_permission_content_type_id_codename_01ab375a_uniq ON "auth_permission" ("content_type_id", "codename");
CREATE INDEX IF NOT EXISTS "auth_permission_content_type_id_2f476e4b" ON "auth_permission" ("content_type_id");
CREATE INDEX IF NOT EXISTS "django_session_expire_date_a5c62663" ON "django_session" ("expire_date");
CREATE INDEX IF NOT EXISTS "game_gamelog_game_id_486a16ee" ON "game_gamelog" ("game_id");
CREATE INDEX IF NOT EXISTS "game_gamelog_player_id_1909b973" ON "game_gamelog" ("player_id");
CREATE INDEX IF NOT EXISTS "game_artifact_action_id_f3c10a86" ON "game_artifact" ("action_id");
CREATE INDEX IF NOT EXISTS "game_artifact_player_id_83d4fc6a" ON "game_artifact" ("player_id");
CREATE INDEX IF NOT EXISTS "game_action_name_id_b3829dfc" ON "game_action" ("name_id");
CREATE INDEX IF NOT EXISTS "game_card_action_id_a2f1778e" ON "game_card" ("action_id");
CREATE INDEX IF NOT EXISTS "game_cell_action_id_3dfc07cc" ON "game_cell" ("action_id");
CREATE INDEX IF NOT EXISTS "game_cell_game_id_2d836dfd" ON "game_cell" ("game_id");
CREATE INDEX IF NOT EXISTS "game_cell_artifact_id_03ae3da0" ON "game_cell" ("artifact_id");
CREATE INDEX IF NOT EXISTS "game_game_winner_id_0454b392" ON "game_game" ("winner_id");
CREATE INDEX IF NOT EXISTS "game_player_game_id_d1719ce1" ON "game_player" ("game_id");
CREATE TABLE "game_card" ("id" integer NOT NULL PRIMARY KEY AUTOINCREMENT, "action_id" integer NOT NULL REFERENCES "game_action" ("id") DEFERRABLE INITIALLY DEFERRED);
INSERT INTO "game_card" VALUES(7,6);
INSERT INTO "game_card" VALUES(8,8);
INSERT INTO "game_card" VALUES(9,12);
INSERT INTO "game_card" VALUES(10,10);
INSERT INTO "game_card" VALUES(11,11);
CREATE UNIQUE INDEX auth_group_permissions_group_id_permission_id_0cd325b0_uniq ON "auth_group_permissions" ("group_id", "permission_id");
CREATE INDEX IF NOT EXISTS "auth_group_permissions_group_id_b120cbf9" ON "auth_group_permissions" ("group_id");
CREATE INDEX IF NOT EXISTS "auth_group_permissions_permission_id_84c5c92e" ON "auth_group_permissions" ("permission_id");
CREATE UNIQUE INDEX auth_user_groups_user_id_group_id_94350c0c_uniq ON "auth_user_groups" ("user_id", "group_id");
CREATE INDEX IF NOT EXISTS "auth_user_groups_user_id_6a12ed8b" ON "auth_user_groups" ("user_id");
CREATE INDEX IF NOT EXISTS "auth_user_groups_group_id_97559544" ON "auth_user_groups" ("group_id");
CREATE UNIQUE INDEX auth_user_user_permissions_user_id_permission_id_14a6b632_uniq ON "auth_user_user_permissions" ("user_id", "permission_id");
CREATE INDEX IF NOT EXISTS "auth_user_user_permissions_user_id_a95ead1b" ON "auth_user_user_permissions" ("user_id");
CREATE INDEX IF NOT EXISTS "auth_user_user_permissions_permission_id_1fbb5f2c" ON "auth_user_user_permissions" ("permission_id");
CREATE INDEX IF NOT EXISTS "django_admin_log_content_type_id_c4bce8eb" ON "django_admin_log" ("content_type_id");
CREATE INDEX IF NOT EXISTS "django_admin_log_user_id_c564eba6" ON "django_admin_log" ("user_id");
CREATE UNIQUE INDEX django_content_type_app_label_model_76bd3d3b_uniq ON "django_content_type" ("app_label", "model");
CREATE UNIQUE INDEX auth_permission_content_type_id_codename_01ab375a_uniq ON "auth_permission" ("content_type_id", "codename");
CREATE INDEX IF NOT EXISTS "auth_permission_content_type_id_2f476e4b" ON "auth_permission" ("content_type_id");
CREATE INDEX IF NOT EXISTS "django_session_expire_date_a5c62663" ON "django_session" ("expire_date");
CREATE INDEX IF NOT EXISTS "game_gamelog_game_id_486a16ee" ON "game_gamelog" ("game_id");
CREATE INDEX IF NOT EXISTS "game_gamelog_player_id_1909b973" ON "game_gamelog" ("player_id");
CREATE INDEX IF NOT EXISTS "game_artifact_action_id_f3c10a86" ON "game_artifact" ("action_id");
CREATE INDEX IF NOT EXISTS "game_artifact_player_id_83d4fc6a" ON "game_artifact" ("player_id");
CREATE INDEX IF NOT EXISTS "game_action_name_id_b3829dfc" ON "game_action" ("name_id");
CREATE INDEX IF NOT EXISTS "game_card_action_id_a2f1778e" ON "game_card" ("action_id");
CREATE INDEX IF NOT EXISTS "game_cell_action_id_3dfc07cc" ON "game_cell" ("action_id");
CREATE INDEX IF NOT EXISTS "game_cell_game_id_2d836dfd" ON "game_cell" ("game_id");
CREATE INDEX IF NOT EXISTS "game_cell_artifact_id_03ae3da0" ON "game_cell" ("artifact_id");
CREATE INDEX IF NOT EXISTS "game_game_winner_id_0454b392" ON "game_game" ("winner_id");
CREATE INDEX IF NOT EXISTS "game_player_game_id_d1719ce1" ON "game_player" ("game_id");
CREATE TABLE "game_cell" ("id" integer NOT NULL PRIMARY KEY AUTOINCREMENT, "cell_index" integer NOT NULL, "description" varchar(100) NOT NULL, "action_id" integer NULL REFERENCES "game_action" ("id") DEFERRABLE INITIALLY DEFERRED, "game_id" integer NOT NULL REFERENCES "game_game" ("id") DEFERRABLE INITIALLY DEFERRED, "artifact_id" integer NULL REFERENCES "game_artifact" ("id") DEFERRABLE INITIALLY DEFERRED);
INSERT INTO "game_cell" VALUES(3,0,'cell0',8,1,NULL);
INSERT INTO "game_cell" VALUES(4,0,'game2 ilk',11,2,NULL);
INSERT INTO "game_cell" VALUES(5,1,'cell1',11,1,5);
INSERT INTO "game_cell" VALUES(6,1,'ikinci',NULL,2,6);
INSERT INTO "game_cell" VALUES(7,2,'cell2',8,1,NULL);
INSERT INTO "game_cell" VALUES(8,3,'cell3',NULL,1,6);
INSERT INTO "game_cell" VALUES(9,2,'gg',9,2,NULL);
INSERT INTO "game_cell" VALUES(10,4,'cell4',NULL,1,NULL);
INSERT INTO "game_cell" VALUES(11,3,'hadi',10,2,NULL);
INSERT INTO "game_cell" VALUES(12,4,'sona dogru',8,2,6);
INSERT INTO "game_cell" VALUES(13,5,'finall',NULL,2,NULL);
CREATE UNIQUE INDEX auth_group_permissions_group_id_permission_id_0cd325b0_uniq ON "auth_group_permissions" ("group_id", "permission_id");
CREATE INDEX IF NOT EXISTS "auth_group_permissions_group_id_b120cbf9" ON "auth_group_permissions" ("group_id");
CREATE INDEX IF NOT EXISTS "auth_group_permissions_permission_id_84c5c92e" ON "auth_group_permissions" ("permission_id");
CREATE UNIQUE INDEX auth_user_groups_user_id_group_id_94350c0c_uniq ON "auth_user_groups" ("user_id", "group_id");
CREATE INDEX IF NOT EXISTS "auth_user_groups_user_id_6a12ed8b" ON "auth_user_groups" ("user_id");
CREATE INDEX IF NOT EXISTS "auth_user_groups_group_id_97559544" ON "auth_user_groups" ("group_id");
CREATE UNIQUE INDEX auth_user_user_permissions_user_id_permission_id_14a6b632_uniq ON "auth_user_user_permissions" ("user_id", "permission_id");
CREATE INDEX IF NOT EXISTS "auth_user_user_permissions_user_id_a95ead1b" ON "auth_user_user_permissions" ("user_id");
CREATE INDEX IF NOT EXISTS "auth_user_user_permissions_permission_id_1fbb5f2c" ON "auth_user_user_permissions" ("permission_id");
CREATE INDEX IF NOT EXISTS "django_admin_log_content_type_id_c4bce8eb" ON "django_admin_log" ("content_type_id");
CREATE INDEX IF NOT EXISTS "django_admin_log_user_id_c564eba6" ON "django_admin_log" ("user_id");
CREATE UNIQUE INDEX django_content_type_app_label_model_76bd3d3b_uniq ON "django_content_type" ("app_label", "model");
CREATE UNIQUE INDEX auth_permission_content_type_id_codename_01ab375a_uniq ON "auth_permission" ("content_type_id", "codename");
CREATE INDEX IF NOT EXISTS "auth_permission_content_type_id_2f476e4b" ON "auth_permission" ("content_type_id");
CREATE INDEX IF NOT EXISTS "django_session_expire_date_a5c62663" ON "django_session" ("expire_date");
CREATE INDEX IF NOT EXISTS "game_gamelog_game_id_486a16ee" ON "game_gamelog" ("game_id");
CREATE INDEX IF NOT EXISTS "game_gamelog_player_id_1909b973" ON "game_gamelog" ("player_id");
CREATE INDEX IF NOT EXISTS "game_artifact_action_id_f3c10a86" ON "game_artifact" ("action_id");
CREATE INDEX IF NOT EXISTS "game_artifact_player_id_83d4fc6a" ON "game_artifact" ("player_id");
CREATE INDEX IF NOT EXISTS "game_action_name_id_b3829dfc" ON "game_action" ("name_id");
CREATE INDEX IF NOT EXISTS "game_card_action_id_a2f1778e" ON "game_card" ("action_id");
CREATE INDEX IF NOT EXISTS "game_cell_action_id_3dfc07cc" ON "game_cell" ("action_id");
CREATE INDEX IF NOT EXISTS "game_cell_game_id_2d836dfd" ON "game_cell" ("game_id");
CREATE INDEX IF NOT EXISTS "game_cell_artifact_id_03ae3da0" ON "game_cell" ("artifact_id");
CREATE INDEX IF NOT EXISTS "game_game_winner_id_0454b392" ON "game_game" ("winner_id");
CREATE INDEX IF NOT EXISTS "game_player_game_id_d1719ce1" ON "game_player" ("game_id");
CREATE TABLE "game_game" ("id" integer NOT NULL PRIMARY KEY AUTOINCREMENT, "name" varchar(50) NOT NULL, "dice" integer NOT NULL, "credit" integer NOT NULL, "current_player_id" integer NOT NULL, "current_round" integer NOT NULL, "game_ended" bool NOT NULL, "created" datetime NOT NULL, "modified" datetime NOT NULL, "winner_id" integer NULL REFERENCES "auth_user" ("id") DEFERRABLE INITIALLY DEFERRED, "cycle_value" integer NOT NULL, "game_status" varchar(30) NOT NULL, "is_cycle_enabled" bool NOT NULL, "player_count" integer NOT NULL, "termination_condition" varchar(20) NOT NULL, "termination_value" integer NOT NULL, "ready_player_count" integer NULL, "cell_count" integer NOT NULL);
INSERT INTO "game_game" VALUES(1,'game1',3,100,-1,0,0,'2019-12-22 23:23:21.774225','2019-12-22 23:23:49.864259',NULL,10,'initial game',1,0,'round',3,0,0);
INSERT INTO "game_game" VALUES(2,'game2',3,100,-1,0,0,'2019-12-22 23:23:23.913255','2019-12-22 23:23:42.889719',NULL,0,'initial game',1,0,'first_collect',5,0,0);
CREATE UNIQUE INDEX auth_group_permissions_group_id_permission_id_0cd325b0_uniq ON "auth_group_permissions" ("group_id", "permission_id");
CREATE INDEX IF NOT EXISTS "auth_group_permissions_group_id_b120cbf9" ON "auth_group_permissions" ("group_id");
CREATE INDEX IF NOT EXISTS "auth_group_permissions_permission_id_84c5c92e" ON "auth_group_permissions" ("permission_id");
CREATE UNIQUE INDEX auth_user_groups_user_id_group_id_94350c0c_uniq ON "auth_user_groups" ("user_id", "group_id");
CREATE INDEX IF NOT EXISTS "auth_user_groups_user_id_6a12ed8b" ON "auth_user_groups" ("user_id");
CREATE INDEX IF NOT EXISTS "auth_user_groups_group_id_97559544" ON "auth_user_groups" ("group_id");
CREATE UNIQUE INDEX auth_user_user_permissions_user_id_permission_id_14a6b632_uniq ON "auth_user_user_permissions" ("user_id", "permission_id");
CREATE INDEX IF NOT EXISTS "auth_user_user_permissions_user_id_a95ead1b" ON "auth_user_user_permissions" ("user_id");
CREATE INDEX IF NOT EXISTS "auth_user_user_permissions_permission_id_1fbb5f2c" ON "auth_user_user_permissions" ("permission_id");
CREATE INDEX IF NOT EXISTS "django_admin_log_content_type_id_c4bce8eb" ON "django_admin_log" ("content_type_id");
CREATE INDEX IF NOT EXISTS "django_admin_log_user_id_c564eba6" ON "django_admin_log" ("user_id");
CREATE UNIQUE INDEX django_content_type_app_label_model_76bd3d3b_uniq ON "django_content_type" ("app_label", "model");
CREATE UNIQUE INDEX auth_permission_content_type_id_codename_01ab375a_uniq ON "auth_permission" ("content_type_id", "codename");
CREATE INDEX IF NOT EXISTS "auth_permission_content_type_id_2f476e4b" ON "auth_permission" ("content_type_id");
CREATE INDEX IF NOT EXISTS "django_session_expire_date_a5c62663" ON "django_session" ("expire_date");
CREATE INDEX IF NOT EXISTS "game_gamelog_game_id_486a16ee" ON "game_gamelog" ("game_id");
CREATE INDEX IF NOT EXISTS "game_gamelog_player_id_1909b973" ON "game_gamelog" ("player_id");
CREATE INDEX IF NOT EXISTS "game_artifact_action_id_f3c10a86" ON "game_artifact" ("action_id");
CREATE INDEX IF NOT EXISTS "game_artifact_player_id_83d4fc6a" ON "game_artifact" ("player_id");
CREATE INDEX IF NOT EXISTS "game_action_name_id_b3829dfc" ON "game_action" ("name_id");
CREATE INDEX IF NOT EXISTS "game_card_action_id_a2f1778e" ON "game_card" ("action_id");
CREATE INDEX IF NOT EXISTS "game_cell_action_id_3dfc07cc" ON "game_cell" ("action_id");
CREATE INDEX IF NOT EXISTS "game_cell_game_id_2d836dfd" ON "game_cell" ("game_id");
CREATE INDEX IF NOT EXISTS "game_cell_artifact_id_03ae3da0" ON "game_cell" ("artifact_id");
CREATE INDEX IF NOT EXISTS "game_game_winner_id_0454b392" ON "game_game" ("winner_id");
CREATE INDEX IF NOT EXISTS "game_player_game_id_d1719ce1" ON "game_player" ("game_id");
CREATE TABLE "game_gamelog" ("id" integer NOT NULL PRIMARY KEY AUTOINCREMENT, "message" varchar(100) NOT NULL, "created" datetime NOT NULL, "modified" datetime NOT NULL, "game_id" integer NOT NULL REFERENCES "game_game" ("id") DEFERRABLE INITIALLY DEFERRED, "player_id" integer NULL REFERENCES "auth_user" ("id") DEFERRABLE INITIALLY DEFERRED);
CREATE UNIQUE INDEX auth_group_permissions_group_id_permission_id_0cd325b0_uniq ON "auth_group_permissions" ("group_id", "permission_id");
CREATE INDEX IF NOT EXISTS "auth_group_permissions_group_id_b120cbf9" ON "auth_group_permissions" ("group_id");
CREATE INDEX IF NOT EXISTS "auth_group_permissions_permission_id_84c5c92e" ON "auth_group_permissions" ("permission_id");
CREATE UNIQUE INDEX auth_user_groups_user_id_group_id_94350c0c_uniq ON "auth_user_groups" ("user_id", "group_id");
CREATE INDEX IF NOT EXISTS "auth_user_groups_user_id_6a12ed8b" ON "auth_user_groups" ("user_id");
CREATE INDEX IF NOT EXISTS "auth_user_groups_group_id_97559544" ON "auth_user_groups" ("group_id");
CREATE UNIQUE INDEX auth_user_user_permissions_user_id_permission_id_14a6b632_uniq ON "auth_user_user_permissions" ("user_id", "permission_id");
CREATE INDEX IF NOT EXISTS "auth_user_user_permissions_user_id_a95ead1b" ON "auth_user_user_permissions" ("user_id");
CREATE INDEX IF NOT EXISTS "auth_user_user_permissions_permission_id_1fbb5f2c" ON "auth_user_user_permissions" ("permission_id");
CREATE INDEX IF NOT EXISTS "django_admin_log_content_type_id_c4bce8eb" ON "django_admin_log" ("content_type_id");
CREATE INDEX IF NOT EXISTS "django_admin_log_user_id_c564eba6" ON "django_admin_log" ("user_id");
CREATE UNIQUE INDEX django_content_type_app_label_model_76bd3d3b_uniq ON "django_content_type" ("app_label", "model");
CREATE UNIQUE INDEX auth_permission_content_type_id_codename_01ab375a_uniq ON "auth_permission" ("content_type_id", "codename");
CREATE INDEX IF NOT EXISTS "auth_permission_content_type_id_2f476e4b" ON "auth_permission" ("content_type_id");
CREATE INDEX IF NOT EXISTS "django_session_expire_date_a5c62663" ON "django_session" ("expire_date");
CREATE INDEX IF NOT EXISTS "game_gamelog_game_id_486a16ee" ON "game_gamelog" ("game_id");
CREATE INDEX IF NOT EXISTS "game_gamelog_player_id_1909b973" ON "game_gamelog" ("player_id");
CREATE INDEX IF NOT EXISTS "game_artifact_action_id_f3c10a86" ON "game_artifact" ("action_id");
CREATE INDEX IF NOT EXISTS "game_artifact_player_id_83d4fc6a" ON "game_artifact" ("player_id");
CREATE INDEX IF NOT EXISTS "game_action_name_id_b3829dfc" ON "game_action" ("name_id");
CREATE INDEX IF NOT EXISTS "game_card_action_id_a2f1778e" ON "game_card" ("action_id");
CREATE INDEX IF NOT EXISTS "game_cell_action_id_3dfc07cc" ON "game_cell" ("action_id");
CREATE INDEX IF NOT EXISTS "game_cell_game_id_2d836dfd" ON "game_cell" ("game_id");
CREATE INDEX IF NOT EXISTS "game_cell_artifact_id_03ae3da0" ON "game_cell" ("artifact_id");
CREATE INDEX IF NOT EXISTS "game_game_winner_id_0454b392" ON "game_game" ("winner_id");
CREATE INDEX IF NOT EXISTS "game_player_game_id_d1719ce1" ON "game_player" ("game_id");
CREATE TABLE "game_player" ("id" integer NOT NULL PRIMARY KEY AUTOINCREMENT, "name" varchar(40) NOT NULL, "cycle_count" integer NOT NULL, "credits" integer NOT NULL, "current_cell" integer NOT NULL, "game_id" integer NULL REFERENCES "game_game" ("id") DEFERRABLE INITIALLY DEFERRED, "user_id" integer NULL UNIQUE REFERENCES "auth_user" ("id") DEFERRABLE INITIALLY DEFERRED, "is_ready" bool NOT NULL, "next_available_move" varchar(20) NOT NULL, "artifact_count" integer NOT NULL, "skip_left_round" integer NOT NULL);
INSERT INTO "game_player" VALUES(1,'ilker',0,100,0,NULL,13,0,'roll',0,0);
INSERT INTO "game_player" VALUES(2,'ilker1',0,100,0,NULL,14,0,'roll',0,0);
INSERT INTO "game_player" VALUES(3,'onur1',0,100,0,NULL,15,0,'roll',0,0);
INSERT INTO "game_player" VALUES(4,'onur2',0,100,0,NULL,16,0,'roll',0,0);
CREATE UNIQUE INDEX auth_group_permissions_group_id_permission_id_0cd325b0_uniq ON "auth_group_permissions" ("group_id", "permission_id");
CREATE INDEX IF NOT EXISTS "auth_group_permissions_group_id_b120cbf9" ON "auth_group_permissions" ("group_id");
CREATE INDEX IF NOT EXISTS "auth_group_permissions_permission_id_84c5c92e" ON "auth_group_permissions" ("permission_id");
CREATE UNIQUE INDEX auth_user_groups_user_id_group_id_94350c0c_uniq ON "auth_user_groups" ("user_id", "group_id");
CREATE INDEX IF NOT EXISTS "auth_user_groups_user_id_6a12ed8b" ON "auth_user_groups" ("user_id");
CREATE INDEX IF NOT EXISTS "auth_user_groups_group_id_97559544" ON "auth_user_groups" ("group_id");
CREATE UNIQUE INDEX auth_user_user_permissions_user_id_permission_id_14a6b632_uniq ON "auth_user_user_permissions" ("user_id", "permission_id");
CREATE INDEX IF NOT EXISTS "auth_user_user_permissions_user_id_a95ead1b" ON "auth_user_user_permissions" ("user_id");
CREATE INDEX IF NOT EXISTS "auth_user_user_permissions_permission_id_1fbb5f2c" ON "auth_user_user_permissions" ("permission_id");
CREATE INDEX IF NOT EXISTS "django_admin_log_content_type_id_c4bce8eb" ON "django_admin_log" ("content_type_id");
CREATE INDEX IF NOT EXISTS "django_admin_log_user_id_c564eba6" ON "django_admin_log" ("user_id");
CREATE UNIQUE INDEX django_content_type_app_label_model_76bd3d3b_uniq ON "django_content_type" ("app_label", "model");
CREATE UNIQUE INDEX auth_permission_content_type_id_codename_01ab375a_uniq ON "auth_permission" ("content_type_id", "codename");
CREATE INDEX IF NOT EXISTS "auth_permission_content_type_id_2f476e4b" ON "auth_permission" ("content_type_id");
CREATE INDEX IF NOT EXISTS "django_session_expire_date_a5c62663" ON "django_session" ("expire_date");
CREATE INDEX IF NOT EXISTS "game_gamelog_game_id_486a16ee" ON "game_gamelog" ("game_id");
CREATE INDEX IF NOT EXISTS "game_gamelog_player_id_1909b973" ON "game_gamelog" ("player_id");
CREATE INDEX IF NOT EXISTS "game_artifact_action_id_f3c10a86" ON "game_artifact" ("action_id");
CREATE INDEX IF NOT EXISTS "game_artifact_player_id_83d4fc6a" ON "game_artifact" ("player_id");
CREATE INDEX IF NOT EXISTS "game_action_name_id_b3829dfc" ON "game_action" ("name_id");
CREATE INDEX IF NOT EXISTS "game_card_action_id_a2f1778e" ON "game_card" ("action_id");
CREATE INDEX IF NOT EXISTS "game_cell_action_id_3dfc07cc" ON "game_cell" ("action_id");
CREATE INDEX IF NOT EXISTS "game_cell_game_id_2d836dfd" ON "game_cell" ("game_id");
CREATE INDEX IF NOT EXISTS "game_cell_artifact_id_03ae3da0" ON "game_cell" ("artifact_id");
CREATE INDEX IF NOT EXISTS "game_game_winner_id_0454b392" ON "game_game" ("winner_id");
CREATE INDEX IF NOT EXISTS "game_player_game_id_d1719ce1" ON "game_player" ("game_id");
