CREATE TABLE "auth_group" ("id" integer NOT NULL PRIMARY KEY AUTOINCREMENT, "name" varchar(80) NOT NULL UNIQUE);
CREATE UNIQUE INDEX auth_group_permissions_group_id_permission_id_0cd325b0_uniq ON "auth_group_permissions" ("group_id", "permission_id");
CREATE INDEX IF NOT EXISTS "auth_group_permissions_group_id_b120cbf9" ON "auth_group_permissions" ("group_id");
CREATE INDEX IF NOT EXISTS "auth_group_permissions_permission_id_84c5c92e" ON "auth_group_permissions" ("permission_id");
CREATE UNIQUE INDEX auth_user_groups_user_id_group_id_94350c0c_uniq ON "auth_user_groups" ("user_id", "group_id");
CREATE INDEX IF NOT EXISTS "auth_user_groups_user_id_6a12ed8b" ON "auth_user_groups" ("user_id");
CREATE INDEX IF NOT EXISTS "auth_user_groups_group_id_97559544" ON "auth_user_groups" ("group_id");
CREATE UNIQUE INDEX auth_user_user_permissions_user_id_permission_id_14a6b632_uniq ON "auth_user_user_permissions" ("user_id", "permission_id");
CREATE INDEX IF NOT EXISTS "auth_user_user_permissions_user_id_a95ead1b" ON "auth_user_user_permissions" ("user_id");
CREATE INDEX IF NOT EXISTS "auth_user_user_permissions_permission_id_1fbb5f2c" ON "auth_user_user_permissions" ("permission_id");
CREATE INDEX IF NOT EXISTS "django_admin_log_content_type_id_c4bce8eb" ON "django_admin_log" ("content_type_id");
CREATE INDEX IF NOT EXISTS "django_admin_log_user_id_c564eba6" ON "django_admin_log" ("user_id");
CREATE UNIQUE INDEX django_content_type_app_label_model_76bd3d3b_uniq ON "django_content_type" ("app_label", "model");
CREATE UNIQUE INDEX auth_permission_content_type_id_codename_01ab375a_uniq ON "auth_permission" ("content_type_id", "codename");
CREATE INDEX IF NOT EXISTS "auth_permission_content_type_id_2f476e4b" ON "auth_permission" ("content_type_id");
CREATE INDEX IF NOT EXISTS "django_session_expire_date_a5c62663" ON "django_session" ("expire_date");
CREATE INDEX IF NOT EXISTS "game_artifact_action_id_f3c10a86" ON "game_artifact" ("action_id");
CREATE INDEX IF NOT EXISTS "game_artifact_player_id_83d4fc6a" ON "game_artifact" ("player_id");
CREATE INDEX IF NOT EXISTS "game_action_name_id_b3829dfc" ON "game_action" ("name_id");
CREATE INDEX IF NOT EXISTS "game_card_action_id_a2f1778e" ON "game_card" ("action_id");
CREATE INDEX IF NOT EXISTS "game_cell_action_id_3dfc07cc" ON "game_cell" ("action_id");
CREATE INDEX IF NOT EXISTS "game_cell_game_id_2d836dfd" ON "game_cell" ("game_id");
CREATE INDEX IF NOT EXISTS "game_cell_artifact_id_03ae3da0" ON "game_cell" ("artifact_id");
CREATE INDEX IF NOT EXISTS "game_game_winner_id_0454b392" ON "game_game" ("winner_id");
CREATE INDEX IF NOT EXISTS "game_player_game_id_d1719ce1" ON "game_player" ("game_id");
CREATE INDEX IF NOT EXISTS "game_gamelog_game_id_486a16ee" ON "game_gamelog" ("game_id");
CREATE INDEX IF NOT EXISTS "game_gamelog_player_id_1909b973" ON "game_gamelog" ("player_id");
CREATE TABLE "auth_group_permissions" ("id" integer NOT NULL PRIMARY KEY AUTOINCREMENT, "group_id" integer NOT NULL REFERENCES "auth_group" ("id") DEFERRABLE INITIALLY DEFERRED, "permission_id" integer NOT NULL REFERENCES "auth_permission" ("id") DEFERRABLE INITIALLY DEFERRED);
CREATE UNIQUE INDEX auth_group_permissions_group_id_permission_id_0cd325b0_uniq ON "auth_group_permissions" ("group_id", "permission_id");
CREATE INDEX IF NOT EXISTS "auth_group_permissions_group_id_b120cbf9" ON "auth_group_permissions" ("group_id");
CREATE INDEX IF NOT EXISTS "auth_group_permissions_permission_id_84c5c92e" ON "auth_group_permissions" ("permission_id");
CREATE UNIQUE INDEX auth_user_groups_user_id_group_id_94350c0c_uniq ON "auth_user_groups" ("user_id", "group_id");
CREATE INDEX IF NOT EXISTS "auth_user_groups_user_id_6a12ed8b" ON "auth_user_groups" ("user_id");
CREATE INDEX IF NOT EXISTS "auth_user_groups_group_id_97559544" ON "auth_user_groups" ("group_id");
CREATE UNIQUE INDEX auth_user_user_permissions_user_id_permission_id_14a6b632_uniq ON "auth_user_user_permissions" ("user_id", "permission_id");
CREATE INDEX IF NOT EXISTS "auth_user_user_permissions_user_id_a95ead1b" ON "auth_user_user_permissions" ("user_id");
CREATE INDEX IF NOT EXISTS "auth_user_user_permissions_permission_id_1fbb5f2c" ON "auth_user_user_permissions" ("permission_id");
CREATE INDEX IF NOT EXISTS "django_admin_log_content_type_id_c4bce8eb" ON "django_admin_log" ("content_type_id");
CREATE INDEX IF NOT EXISTS "django_admin_log_user_id_c564eba6" ON "django_admin_log" ("user_id");
CREATE UNIQUE INDEX django_content_type_app_label_model_76bd3d3b_uniq ON "django_content_type" ("app_label", "model");
CREATE UNIQUE INDEX auth_permission_content_type_id_codename_01ab375a_uniq ON "auth_permission" ("content_type_id", "codename");
CREATE INDEX IF NOT EXISTS "auth_permission_content_type_id_2f476e4b" ON "auth_permission" ("content_type_id");
CREATE INDEX IF NOT EXISTS "django_session_expire_date_a5c62663" ON "django_session" ("expire_date");
CREATE INDEX IF NOT EXISTS "game_artifact_action_id_f3c10a86" ON "game_artifact" ("action_id");
CREATE INDEX IF NOT EXISTS "game_artifact_player_id_83d4fc6a" ON "game_artifact" ("player_id");
CREATE INDEX IF NOT EXISTS "game_action_name_id_b3829dfc" ON "game_action" ("name_id");
CREATE INDEX IF NOT EXISTS "game_card_action_id_a2f1778e" ON "game_card" ("action_id");
CREATE INDEX IF NOT EXISTS "game_cell_action_id_3dfc07cc" ON "game_cell" ("action_id");
CREATE INDEX IF NOT EXISTS "game_cell_game_id_2d836dfd" ON "game_cell" ("game_id");
CREATE INDEX IF NOT EXISTS "game_cell_artifact_id_03ae3da0" ON "game_cell" ("artifact_id");
CREATE INDEX IF NOT EXISTS "game_game_winner_id_0454b392" ON "game_game" ("winner_id");
CREATE INDEX IF NOT EXISTS "game_player_game_id_d1719ce1" ON "game_player" ("game_id");
CREATE INDEX IF NOT EXISTS "game_gamelog_game_id_486a16ee" ON "game_gamelog" ("game_id");
CREATE INDEX IF NOT EXISTS "game_gamelog_player_id_1909b973" ON "game_gamelog" ("player_id");
CREATE TABLE "auth_permission" ("id" integer NOT NULL PRIMARY KEY AUTOINCREMENT, "content_type_id" integer NOT NULL REFERENCES "django_content_type" ("id") DEFERRABLE INITIALLY DEFERRED, "codename" varchar(100) NOT NULL, "name" varchar(255) NOT NULL);
INSERT INTO "auth_permission" VALUES(673,169,'add_game','Can add game');
INSERT INTO "auth_permission" VALUES(674,169,'change_game','Can change game');
INSERT INTO "auth_permission" VALUES(675,169,'delete_game','Can delete game');
INSERT INTO "auth_permission" VALUES(676,169,'view_game','Can view game');
INSERT INTO "auth_permission" VALUES(677,170,'add_player','Can add player');
INSERT INTO "auth_permission" VALUES(678,170,'change_player','Can change player');
INSERT INTO "auth_permission" VALUES(679,170,'delete_player','Can delete player');
INSERT INTO "auth_permission" VALUES(680,170,'view_player','Can view player');
INSERT INTO "auth_permission" VALUES(681,171,'add_actionname','Can add action name');
INSERT INTO "auth_permission" VALUES(682,171,'change_actionname','Can change action name');
INSERT INTO "auth_permission" VALUES(683,171,'delete_actionname','Can delete action name');
INSERT INTO "auth_permission" VALUES(684,171,'view_actionname','Can view action name');
INSERT INTO "auth_permission" VALUES(685,172,'add_action','Can add action');
INSERT INTO "auth_permission" VALUES(686,172,'change_action','Can change action');
INSERT INTO "auth_permission" VALUES(687,172,'delete_action','Can delete action');
INSERT INTO "auth_permission" VALUES(688,172,'view_action','Can view action');
INSERT INTO "auth_permission" VALUES(689,173,'add_card','Can add card');
INSERT INTO "auth_permission" VALUES(690,173,'change_card','Can change card');
INSERT INTO "auth_permission" VALUES(691,173,'delete_card','Can delete card');
INSERT INTO "auth_permission" VALUES(692,173,'view_card','Can view card');
INSERT INTO "auth_permission" VALUES(693,174,'add_artifact','Can add artifact');
INSERT INTO "auth_permission" VALUES(694,174,'change_artifact','Can change artifact');
INSERT INTO "auth_permission" VALUES(695,174,'delete_artifact','Can delete artifact');
INSERT INTO "auth_permission" VALUES(696,174,'view_artifact','Can view artifact');
INSERT INTO "auth_permission" VALUES(697,175,'add_cell','Can add cell');
INSERT INTO "auth_permission" VALUES(698,175,'change_cell','Can change cell');
INSERT INTO "auth_permission" VALUES(699,175,'delete_cell','Can delete cell');
INSERT INTO "auth_permission" VALUES(700,175,'view_cell','Can view cell');
INSERT INTO "auth_permission" VALUES(701,176,'add_gamelog','Can add game log');
INSERT INTO "auth_permission" VALUES(702,176,'change_gamelog','Can change game log');
INSERT INTO "auth_permission" VALUES(703,176,'delete_gamelog','Can delete game log');
INSERT INTO "auth_permission" VALUES(704,176,'view_gamelog','Can view game log');
INSERT INTO "auth_permission" VALUES(705,177,'add_logentry','Can add log entry');
INSERT INTO "auth_permission" VALUES(706,177,'change_logentry','Can change log entry');
INSERT INTO "auth_permission" VALUES(707,177,'delete_logentry','Can delete log entry');
INSERT INTO "auth_permission" VALUES(708,177,'view_logentry','Can view log entry');
INSERT INTO "auth_permission" VALUES(709,178,'add_permission','Can add permission');
INSERT INTO "auth_permission" VALUES(710,178,'change_permission','Can change permission');
INSERT INTO "auth_permission" VALUES(711,178,'delete_permission','Can delete permission');
INSERT INTO "auth_permission" VALUES(712,178,'view_permission','Can view permission');
INSERT INTO "auth_permission" VALUES(713,179,'add_group','Can add group');
INSERT INTO "auth_permission" VALUES(714,179,'change_group','Can change group');
INSERT INTO "auth_permission" VALUES(715,179,'delete_group','Can delete group');
INSERT INTO "auth_permission" VALUES(716,179,'view_group','Can view group');
INSERT INTO "auth_permission" VALUES(717,180,'add_user','Can add user');
INSERT INTO "auth_permission" VALUES(718,180,'change_user','Can change user');
INSERT INTO "auth_permission" VALUES(719,180,'delete_user','Can delete user');
INSERT INTO "auth_permission" VALUES(720,180,'view_user','Can view user');
INSERT INTO "auth_permission" VALUES(721,181,'add_contenttype','Can add content type');
INSERT INTO "auth_permission" VALUES(722,181,'change_contenttype','Can change content type');
INSERT INTO "auth_permission" VALUES(723,181,'delete_contenttype','Can delete content type');
INSERT INTO "auth_permission" VALUES(724,181,'view_contenttype','Can view content type');
INSERT INTO "auth_permission" VALUES(725,182,'add_session','Can add session');
INSERT INTO "auth_permission" VALUES(726,182,'change_session','Can change session');
INSERT INTO "auth_permission" VALUES(727,182,'delete_session','Can delete session');
INSERT INTO "auth_permission" VALUES(728,182,'view_session','Can view session');
CREATE UNIQUE INDEX auth_group_permissions_group_id_permission_id_0cd325b0_uniq ON "auth_group_permissions" ("group_id", "permission_id");
CREATE INDEX IF NOT EXISTS "auth_group_permissions_group_id_b120cbf9" ON "auth_group_permissions" ("group_id");
CREATE INDEX IF NOT EXISTS "auth_group_permissions_permission_id_84c5c92e" ON "auth_group_permissions" ("permission_id");
CREATE UNIQUE INDEX auth_user_groups_user_id_group_id_94350c0c_uniq ON "auth_user_groups" ("user_id", "group_id");
CREATE INDEX IF NOT EXISTS "auth_user_groups_user_id_6a12ed8b" ON "auth_user_groups" ("user_id");
CREATE INDEX IF NOT EXISTS "auth_user_groups_group_id_97559544" ON "auth_user_groups" ("group_id");
CREATE UNIQUE INDEX auth_user_user_permissions_user_id_permission_id_14a6b632_uniq ON "auth_user_user_permissions" ("user_id", "permission_id");
CREATE INDEX IF NOT EXISTS "auth_user_user_permissions_user_id_a95ead1b" ON "auth_user_user_permissions" ("user_id");
CREATE INDEX IF NOT EXISTS "auth_user_user_permissions_permission_id_1fbb5f2c" ON "auth_user_user_permissions" ("permission_id");
CREATE INDEX IF NOT EXISTS "django_admin_log_content_type_id_c4bce8eb" ON "django_admin_log" ("content_type_id");
CREATE INDEX IF NOT EXISTS "django_admin_log_user_id_c564eba6" ON "django_admin_log" ("user_id");
CREATE UNIQUE INDEX django_content_type_app_label_model_76bd3d3b_uniq ON "django_content_type" ("app_label", "model");
CREATE UNIQUE INDEX auth_permission_content_type_id_codename_01ab375a_uniq ON "auth_permission" ("content_type_id", "codename");
CREATE INDEX IF NOT EXISTS "auth_permission_content_type_id_2f476e4b" ON "auth_permission" ("content_type_id");
CREATE INDEX IF NOT EXISTS "django_session_expire_date_a5c62663" ON "django_session" ("expire_date");
CREATE INDEX IF NOT EXISTS "game_artifact_action_id_f3c10a86" ON "game_artifact" ("action_id");
CREATE INDEX IF NOT EXISTS "game_artifact_player_id_83d4fc6a" ON "game_artifact" ("player_id");
CREATE INDEX IF NOT EXISTS "game_action_name_id_b3829dfc" ON "game_action" ("name_id");
CREATE INDEX IF NOT EXISTS "game_card_action_id_a2f1778e" ON "game_card" ("action_id");
CREATE INDEX IF NOT EXISTS "game_cell_action_id_3dfc07cc" ON "game_cell" ("action_id");
CREATE INDEX IF NOT EXISTS "game_cell_game_id_2d836dfd" ON "game_cell" ("game_id");
CREATE INDEX IF NOT EXISTS "game_cell_artifact_id_03ae3da0" ON "game_cell" ("artifact_id");
CREATE INDEX IF NOT EXISTS "game_game_winner_id_0454b392" ON "game_game" ("winner_id");
CREATE INDEX IF NOT EXISTS "game_player_game_id_d1719ce1" ON "game_player" ("game_id");
CREATE INDEX IF NOT EXISTS "game_gamelog_game_id_486a16ee" ON "game_gamelog" ("game_id");
CREATE INDEX IF NOT EXISTS "game_gamelog_player_id_1909b973" ON "game_gamelog" ("player_id");
CREATE TABLE "auth_user" ("id" integer NOT NULL PRIMARY KEY AUTOINCREMENT, "password" varchar(128) NOT NULL, "last_login" datetime NULL, "is_superuser" bool NOT NULL, "username" varchar(150) NOT NULL UNIQUE, "first_name" varchar(30) NOT NULL, "email" varchar(254) NOT NULL, "is_staff" bool NOT NULL, "is_active" bool NOT NULL, "date_joined" datetime NOT NULL, "last_name" varchar(150) NOT NULL);
INSERT INTO "auth_user" VALUES(12,'pbkdf2_sha256$120000$HTzKzGnJDqZ6$ciwT7RqEAQmqcnNVbF17O6tG3pQxyLy51hnwnL8s7nA=','2019-12-23 21:19:38.770186',1,'root','','root@email.com',1,1,'2019-12-22 21:49:24.447127','');
INSERT INTO "auth_user" VALUES(13,'pbkdf2_sha256$120000$hEJfPVeU8kLy$nP7KD0Wvr3b3K7tVPj2YZgXgZIshKD/8av9zrWwPclQ=',NULL,0,'ilker','','ilker@gmail.com',0,1,'2019-12-22 23:33:07.728365','');
INSERT INTO "auth_user" VALUES(14,'pbkdf2_sha256$120000$SjnZ0Go2uV9M$lUVSLKDz9tJk/1Mvr3vDyM3/FKx1GKDeal2D6A+lMVE=',NULL,0,'ilker1','','ilker1@gmail.com',0,1,'2019-12-22 23:33:40.762411','');
INSERT INTO "auth_user" VALUES(15,'pbkdf2_sha256$120000$5K9dLE3f7aFA$GxhW4WV0xGAXYEikwWzgvtO1h8SDwIMIS4sCVu7csTQ=',NULL,0,'onur1','','onur@onur.com',0,1,'2019-12-22 23:33:50.014275','');
INSERT INTO "auth_user" VALUES(16,'pbkdf2_sha256$120000$Y9LK5Bk26aup$h+z9jGUk+pv00YayrUc/z9utrMh+SRA7mu1yVwK8yPs=',NULL,0,'onur2','','onur2@onur2.com',0,1,'2019-12-22 23:34:15.858564','');
CREATE UNIQUE INDEX auth_group_permissions_group_id_permission_id_0cd325b0_uniq ON "auth_group_permissions" ("group_id", "permission_id");
CREATE INDEX IF NOT EXISTS "auth_group_permissions_group_id_b120cbf9" ON "auth_group_permissions" ("group_id");
CREATE INDEX IF NOT EXISTS "auth_group_permissions_permission_id_84c5c92e" ON "auth_group_permissions" ("permission_id");
CREATE UNIQUE INDEX auth_user_groups_user_id_group_id_94350c0c_uniq ON "auth_user_groups" ("user_id", "group_id");
CREATE INDEX IF NOT EXISTS "auth_user_groups_user_id_6a12ed8b" ON "auth_user_groups" ("user_id");
CREATE INDEX IF NOT EXISTS "auth_user_groups_group_id_97559544" ON "auth_user_groups" ("group_id");
CREATE UNIQUE INDEX auth_user_user_permissions_user_id_permission_id_14a6b632_uniq ON "auth_user_user_permissions" ("user_id", "permission_id");
CREATE INDEX IF NOT EXISTS "auth_user_user_permissions_user_id_a95ead1b" ON "auth_user_user_permissions" ("user_id");
CREATE INDEX IF NOT EXISTS "auth_user_user_permissions_permission_id_1fbb5f2c" ON "auth_user_user_permissions" ("permission_id");
CREATE INDEX IF NOT EXISTS "django_admin_log_content_type_id_c4bce8eb" ON "django_admin_log" ("content_type_id");
CREATE INDEX IF NOT EXISTS "django_admin_log_user_id_c564eba6" ON "django_admin_log" ("user_id");
CREATE UNIQUE INDEX django_content_type_app_label_model_76bd3d3b_uniq ON "django_content_type" ("app_label", "model");
CREATE UNIQUE INDEX auth_permission_content_type_id_codename_01ab375a_uniq ON "auth_permission" ("content_type_id", "codename");
CREATE INDEX IF NOT EXISTS "auth_permission_content_type_id_2f476e4b" ON "auth_permission" ("content_type_id");
CREATE INDEX IF NOT EXISTS "django_session_expire_date_a5c62663" ON "django_session" ("expire_date");
CREATE INDEX IF NOT EXISTS "game_artifact_action_id_f3c10a86" ON "game_artifact" ("action_id");
CREATE INDEX IF NOT EXISTS "game_artifact_player_id_83d4fc6a" ON "game_artifact" ("player_id");
CREATE INDEX IF NOT EXISTS "game_action_name_id_b3829dfc" ON "game_action" ("name_id");
CREATE INDEX IF NOT EXISTS "game_card_action_id_a2f1778e" ON "game_card" ("action_id");
CREATE INDEX IF NOT EXISTS "game_cell_action_id_3dfc07cc" ON "game_cell" ("action_id");
CREATE INDEX IF NOT EXISTS "game_cell_game_id_2d836dfd" ON "game_cell" ("game_id");
CREATE INDEX IF NOT EXISTS "game_cell_artifact_id_03ae3da0" ON "game_cell" ("artifact_id");
CREATE INDEX IF NOT EXISTS "game_game_winner_id_0454b392" ON "game_game" ("winner_id");
CREATE INDEX IF NOT EXISTS "game_player_game_id_d1719ce1" ON "game_player" ("game_id");
CREATE INDEX IF NOT EXISTS "game_gamelog_game_id_486a16ee" ON "game_gamelog" ("game_id");
CREATE INDEX IF NOT EXISTS "game_gamelog_player_id_1909b973" ON "game_gamelog" ("player_id");
CREATE TABLE "auth_user_groups" ("id" integer NOT NULL PRIMARY KEY AUTOINCREMENT, "user_id" integer NOT NULL REFERENCES "auth_user" ("id") DEFERRABLE INITIALLY DEFERRED, "group_id" integer NOT NULL REFERENCES "auth_group" ("id") DEFERRABLE INITIALLY DEFERRED);
CREATE UNIQUE INDEX auth_group_permissions_group_id_permission_id_0cd325b0_uniq ON "auth_group_permissions" ("group_id", "permission_id");
CREATE INDEX IF NOT EXISTS "auth_group_permissions_group_id_b120cbf9" ON "auth_group_permissions" ("group_id");
CREATE INDEX IF NOT EXISTS "auth_group_permissions_permission_id_84c5c92e" ON "auth_group_permissions" ("permission_id");
CREATE UNIQUE INDEX auth_user_groups_user_id_group_id_94350c0c_uniq ON "auth_user_groups" ("user_id", "group_id");
CREATE INDEX IF NOT EXISTS "auth_user_groups_user_id_6a12ed8b" ON "auth_user_groups" ("user_id");
CREATE INDEX IF NOT EXISTS "auth_user_groups_group_id_97559544" ON "auth_user_groups" ("group_id");
CREATE UNIQUE INDEX auth_user_user_permissions_user_id_permission_id_14a6b632_uniq ON "auth_user_user_permissions" ("user_id", "permission_id");
CREATE INDEX IF NOT EXISTS "auth_user_user_permissions_user_id_a95ead1b" ON "auth_user_user_permissions" ("user_id");
CREATE INDEX IF NOT EXISTS "auth_user_user_permissions_permission_id_1fbb5f2c" ON "auth_user_user_permissions" ("permission_id");
CREATE INDEX IF NOT EXISTS "django_admin_log_content_type_id_c4bce8eb" ON "django_admin_log" ("content_type_id");
CREATE INDEX IF NOT EXISTS "django_admin_log_user_id_c564eba6" ON "django_admin_log" ("user_id");
CREATE UNIQUE INDEX django_content_type_app_label_model_76bd3d3b_uniq ON "django_content_type" ("app_label", "model");
CREATE UNIQUE INDEX auth_permission_content_type_id_codename_01ab375a_uniq ON "auth_permission" ("content_type_id", "codename");
CREATE INDEX IF NOT EXISTS "auth_permission_content_type_id_2f476e4b" ON "auth_permission" ("content_type_id");
CREATE INDEX IF NOT EXISTS "django_session_expire_date_a5c62663" ON "django_session" ("expire_date");
CREATE INDEX IF NOT EXISTS "game_artifact_action_id_f3c10a86" ON "game_artifact" ("action_id");
CREATE INDEX IF NOT EXISTS "game_artifact_player_id_83d4fc6a" ON "game_artifact" ("player_id");
CREATE INDEX IF NOT EXISTS "game_action_name_id_b3829dfc" ON "game_action" ("name_id");
CREATE INDEX IF NOT EXISTS "game_card_action_id_a2f1778e" ON "game_card" ("action_id");
CREATE INDEX IF NOT EXISTS "game_cell_action_id_3dfc07cc" ON "game_cell" ("action_id");
CREATE INDEX IF NOT EXISTS "game_cell_game_id_2d836dfd" ON "game_cell" ("game_id");
CREATE INDEX IF NOT EXISTS "game_cell_artifact_id_03ae3da0" ON "game_cell" ("artifact_id");
CREATE INDEX IF NOT EXISTS "game_game_winner_id_0454b392" ON "game_game" ("winner_id");
CREATE INDEX IF NOT EXISTS "game_player_game_id_d1719ce1" ON "game_player" ("game_id");
CREATE INDEX IF NOT EXISTS "game_gamelog_game_id_486a16ee" ON "game_gamelog" ("game_id");
CREATE INDEX IF NOT EXISTS "game_gamelog_player_id_1909b973" ON "game_gamelog" ("player_id");
CREATE TABLE "auth_user_user_permissions" ("id" integer NOT NULL PRIMARY KEY AUTOINCREMENT, "user_id" integer NOT NULL REFERENCES "auth_user" ("id") DEFERRABLE INITIALLY DEFERRED, "permission_id" integer NOT NULL REFERENCES "auth_permission" ("id") DEFERRABLE INITIALLY DEFERRED);
CREATE UNIQUE INDEX auth_group_permissions_group_id_permission_id_0cd325b0_uniq ON "auth_group_permissions" ("group_id", "permission_id");
CREATE INDEX IF NOT EXISTS "auth_group_permissions_group_id_b120cbf9" ON "auth_group_permissions" ("group_id");
CREATE INDEX IF NOT EXISTS "auth_group_permissions_permission_id_84c5c92e" ON "auth_group_permissions" ("permission_id");
CREATE UNIQUE INDEX auth_user_groups_user_id_group_id_94350c0c_uniq ON "auth_user_groups" ("user_id", "group_id");
CREATE INDEX IF NOT EXISTS "auth_user_groups_user_id_6a12ed8b" ON "auth_user_groups" ("user_id");
CREATE INDEX IF NOT EXISTS "auth_user_groups_group_id_97559544" ON "auth_user_groups" ("group_id");
CREATE UNIQUE INDEX auth_user_user_permissions_user_id_permission_id_14a6b632_uniq ON "auth_user_user_permissions" ("user_id", "permission_id");
CREATE INDEX IF NOT EXISTS "auth_user_user_permissions_user_id_a95ead1b" ON "auth_user_user_permissions" ("user_id");
CREATE INDEX IF NOT EXISTS "auth_user_user_permissions_permission_id_1fbb5f2c" ON "auth_user_user_permissions" ("permission_id");
CREATE INDEX IF NOT EXISTS "django_admin_log_content_type_id_c4bce8eb" ON "django_admin_log" ("content_type_id");
CREATE INDEX IF NOT EXISTS "django_admin_log_user_id_c564eba6" ON "django_admin_log" ("user_id");
CREATE UNIQUE INDEX django_content_type_app_label_model_76bd3d3b_uniq ON "django_content_type" ("app_label", "model");
CREATE UNIQUE INDEX auth_permission_content_type_id_codename_01ab375a_uniq ON "auth_permission" ("content_type_id", "codename");
CREATE INDEX IF NOT EXISTS "auth_permission_content_type_id_2f476e4b" ON "auth_permission" ("content_type_id");
CREATE INDEX IF NOT EXISTS "django_session_expire_date_a5c62663" ON "django_session" ("expire_date");
CREATE INDEX IF NOT EXISTS "game_artifact_action_id_f3c10a86" ON "game_artifact" ("action_id");
CREATE INDEX IF NOT EXISTS "game_artifact_player_id_83d4fc6a" ON "game_artifact" ("player_id");
CREATE INDEX IF NOT EXISTS "game_action_name_id_b3829dfc" ON "game_action" ("name_id");
CREATE INDEX IF NOT EXISTS "game_card_action_id_a2f1778e" ON "game_card" ("action_id");
CREATE INDEX IF NOT EXISTS "game_cell_action_id_3dfc07cc" ON "game_cell" ("action_id");
CREATE INDEX IF NOT EXISTS "game_cell_game_id_2d836dfd" ON "game_cell" ("game_id");
CREATE INDEX IF NOT EXISTS "game_cell_artifact_id_03ae3da0" ON "game_cell" ("artifact_id");
CREATE INDEX IF NOT EXISTS "game_game_winner_id_0454b392" ON "game_game" ("winner_id");
CREATE INDEX IF NOT EXISTS "game_player_game_id_d1719ce1" ON "game_player" ("game_id");
CREATE INDEX IF NOT EXISTS "game_gamelog_game_id_486a16ee" ON "game_gamelog" ("game_id");
CREATE INDEX IF NOT EXISTS "game_gamelog_player_id_1909b973" ON "game_gamelog" ("player_id");
CREATE TABLE "django_admin_log" ("id" integer NOT NULL PRIMARY KEY AUTOINCREMENT, "action_time" datetime NOT NULL, "object_id" text NULL, "object_repr" varchar(200) NOT NULL, "change_message" text NOT NULL, "content_type_id" integer NULL REFERENCES "django_content_type" ("id") DEFERRABLE INITIALLY DEFERRED, "user_id" integer NOT NULL REFERENCES "auth_user" ("id") DEFERRABLE INITIALLY DEFERRED, "action_flag" smallint unsigned NOT NULL);
INSERT INTO "django_admin_log" VALUES(125,'2019-12-23 21:20:58.752578','2','Game id: 2, Game name: game2','[{"changed": {"fields": ["termination_value", "game_status"]}}]',169,12,2);
INSERT INTO "django_admin_log" VALUES(126,'2019-12-23 21:21:12.164582','1','Game id: 1, Game name: game1','[{"changed": {"fields": ["game_status"]}}]',169,12,2);
CREATE UNIQUE INDEX auth_group_permissions_group_id_permission_id_0cd325b0_uniq ON "auth_group_permissions" ("group_id", "permission_id");
CREATE INDEX IF NOT EXISTS "auth_group_permissions_group_id_b120cbf9" ON "auth_group_permissions" ("group_id");
CREATE INDEX IF NOT EXISTS "auth_group_permissions_permission_id_84c5c92e" ON "auth_group_permissions" ("permission_id");
CREATE UNIQUE INDEX auth_user_groups_user_id_group_id_94350c0c_uniq ON "auth_user_groups" ("user_id", "group_id");
CREATE INDEX IF NOT EXISTS "auth_user_groups_user_id_6a12ed8b" ON "auth_user_groups" ("user_id");
CREATE INDEX IF NOT EXISTS "auth_user_groups_group_id_97559544" ON "auth_user_groups" ("group_id");
CREATE UNIQUE INDEX auth_user_user_permissions_user_id_permission_id_14a6b632_uniq ON "auth_user_user_permissions" ("user_id", "permission_id");
CREATE INDEX IF NOT EXISTS "auth_user_user_permissions_user_id_a95ead1b" ON "auth_user_user_permissions" ("user_id");
CREATE INDEX IF NOT EXISTS "auth_user_user_permissions_permission_id_1fbb5f2c" ON "auth_user_user_permissions" ("permission_id");
CREATE INDEX IF NOT EXISTS "django_admin_log_content_type_id_c4bce8eb" ON "django_admin_log" ("content_type_id");
CREATE INDEX IF NOT EXISTS "django_admin_log_user_id_c564eba6" ON "django_admin_log" ("user_id");
CREATE UNIQUE INDEX django_content_type_app_label_model_76bd3d3b_uniq ON "django_content_type" ("app_label", "model");
CREATE UNIQUE INDEX auth_permission_content_type_id_codename_01ab375a_uniq ON "auth_permission" ("content_type_id", "codename");
CREATE INDEX IF NOT EXISTS "auth_permission_content_type_id_2f476e4b" ON "auth_permission" ("content_type_id");
CREATE INDEX IF NOT EXISTS "django_session_expire_date_a5c62663" ON "django_session" ("expire_date");
CREATE INDEX IF NOT EXISTS "game_artifact_action_id_f3c10a86" ON "game_artifact" ("action_id");
CREATE INDEX IF NOT EXISTS "game_artifact_player_id_83d4fc6a" ON "game_artifact" ("player_id");
CREATE INDEX IF NOT EXISTS "game_action_name_id_b3829dfc" ON "game_action" ("name_id");
CREATE INDEX IF NOT EXISTS "game_card_action_id_a2f1778e" ON "game_card" ("action_id");
CREATE INDEX IF NOT EXISTS "game_cell_action_id_3dfc07cc" ON "game_cell" ("action_id");
CREATE INDEX IF NOT EXISTS "game_cell_game_id_2d836dfd" ON "game_cell" ("game_id");
CREATE INDEX IF NOT EXISTS "game_cell_artifact_id_03ae3da0" ON "game_cell" ("artifact_id");
CREATE INDEX IF NOT EXISTS "game_game_winner_id_0454b392" ON "game_game" ("winner_id");
CREATE INDEX IF NOT EXISTS "game_player_game_id_d1719ce1" ON "game_player" ("game_id");
CREATE INDEX IF NOT EXISTS "game_gamelog_game_id_486a16ee" ON "game_gamelog" ("game_id");
CREATE INDEX IF NOT EXISTS "game_gamelog_player_id_1909b973" ON "game_gamelog" ("player_id");
CREATE TABLE "django_content_type" ("id" integer NOT NULL PRIMARY KEY AUTOINCREMENT, "app_label" varchar(100) NOT NULL, "model" varchar(100) NOT NULL);
INSERT INTO "django_content_type" VALUES(169,'game','game');
INSERT INTO "django_content_type" VALUES(170,'game','player');
INSERT INTO "django_content_type" VALUES(171,'game','actionname');
INSERT INTO "django_content_type" VALUES(172,'game','action');
INSERT INTO "django_content_type" VALUES(173,'game','card');
INSERT INTO "django_content_type" VALUES(174,'game','artifact');
INSERT INTO "django_content_type" VALUES(175,'game','cell');
INSERT INTO "django_content_type" VALUES(176,'game','gamelog');
INSERT INTO "django_content_type" VALUES(177,'admin','logentry');
INSERT INTO "django_content_type" VALUES(178,'auth','permission');
INSERT INTO "django_content_type" VALUES(179,'auth','group');
INSERT INTO "django_content_type" VALUES(180,'auth','user');
INSERT INTO "django_content_type" VALUES(181,'contenttypes','contenttype');
INSERT INTO "django_content_type" VALUES(182,'sessions','session');
CREATE UNIQUE INDEX auth_group_permissions_group_id_permission_id_0cd325b0_uniq ON "auth_group_permissions" ("group_id", "permission_id");
CREATE INDEX IF NOT EXISTS "auth_group_permissions_group_id_b120cbf9" ON "auth_group_permissions" ("group_id");
CREATE INDEX IF NOT EXISTS "auth_group_permissions_permission_id_84c5c92e" ON "auth_group_permissions" ("permission_id");
CREATE UNIQUE INDEX auth_user_groups_user_id_group_id_94350c0c_uniq ON "auth_user_groups" ("user_id", "group_id");
CREATE INDEX IF NOT EXISTS "auth_user_groups_user_id_6a12ed8b" ON "auth_user_groups" ("user_id");
CREATE INDEX IF NOT EXISTS "auth_user_groups_group_id_97559544" ON "auth_user_groups" ("group_id");
CREATE UNIQUE INDEX auth_user_user_permissions_user_id_permission_id_14a6b632_uniq ON "auth_user_user_permissions" ("user_id", "permission_id");
CREATE INDEX IF NOT EXISTS "auth_user_user_permissions_user_id_a95ead1b" ON "auth_user_user_permissions" ("user_id");
CREATE INDEX IF NOT EXISTS "auth_user_user_permissions_permission_id_1fbb5f2c" ON "auth_user_user_permissions" ("permission_id");
CREATE INDEX IF NOT EXISTS "django_admin_log_content_type_id_c4bce8eb" ON "django_admin_log" ("content_type_id");
CREATE INDEX IF NOT EXISTS "django_admin_log_user_id_c564eba6" ON "django_admin_log" ("user_id");
CREATE UNIQUE INDEX django_content_type_app_label_model_76bd3d3b_uniq ON "django_content_type" ("app_label", "model");
CREATE UNIQUE INDEX auth_permission_content_type_id_codename_01ab375a_uniq ON "auth_permission" ("content_type_id", "codename");
CREATE INDEX IF NOT EXISTS "auth_permission_content_type_id_2f476e4b" ON "auth_permission" ("content_type_id");
CREATE INDEX IF NOT EXISTS "django_session_expire_date_a5c62663" ON "django_session" ("expire_date");
CREATE INDEX IF NOT EXISTS "game_artifact_action_id_f3c10a86" ON "game_artifact" ("action_id");
CREATE INDEX IF NOT EXISTS "game_artifact_player_id_83d4fc6a" ON "game_artifact" ("player_id");
CREATE INDEX IF NOT EXISTS "game_action_name_id_b3829dfc" ON "game_action" ("name_id");
CREATE INDEX IF NOT EXISTS "game_card_action_id_a2f1778e" ON "game_card" ("action_id");
CREATE INDEX IF NOT EXISTS "game_cell_action_id_3dfc07cc" ON "game_cell" ("action_id");
CREATE INDEX IF NOT EXISTS "game_cell_game_id_2d836dfd" ON "game_cell" ("game_id");
CREATE INDEX IF NOT EXISTS "game_cell_artifact_id_03ae3da0" ON "game_cell" ("artifact_id");
CREATE INDEX IF NOT EXISTS "game_game_winner_id_0454b392" ON "game_game" ("winner_id");
CREATE INDEX IF NOT EXISTS "game_player_game_id_d1719ce1" ON "game_player" ("game_id");
CREATE INDEX IF NOT EXISTS "game_gamelog_game_id_486a16ee" ON "game_gamelog" ("game_id");
CREATE INDEX IF NOT EXISTS "game_gamelog_player_id_1909b973" ON "game_gamelog" ("player_id");
CREATE TABLE "django_migrations" ("id" integer NOT NULL PRIMARY KEY AUTOINCREMENT, "app" varchar(255) NOT NULL, "name" varchar(255) NOT NULL, "applied" datetime NOT NULL);
INSERT INTO "django_migrations" VALUES(1,'contenttypes','0001_initial','2019-12-21 20:13:05.432652');
INSERT INTO "django_migrations" VALUES(2,'auth','0001_initial','2019-12-21 20:13:05.464057');
INSERT INTO "django_migrations" VALUES(3,'admin','0001_initial','2019-12-21 20:13:05.490040');
INSERT INTO "django_migrations" VALUES(4,'admin','0002_logentry_remove_auto_add','2019-12-21 20:13:05.515506');
INSERT INTO "django_migrations" VALUES(5,'admin','0003_logentry_add_action_flag_choices','2019-12-21 20:13:05.541174');
INSERT INTO "django_migrations" VALUES(6,'contenttypes','0002_remove_content_type_name','2019-12-21 20:13:05.589320');
INSERT INTO "django_migrations" VALUES(7,'auth','0002_alter_permission_name_max_length','2019-12-21 20:13:05.612177');
INSERT INTO "django_migrations" VALUES(8,'auth','0003_alter_user_email_max_length','2019-12-21 20:13:05.653860');
INSERT INTO "django_migrations" VALUES(9,'auth','0004_alter_user_username_opts','2019-12-21 20:13:05.676124');
INSERT INTO "django_migrations" VALUES(10,'auth','0005_alter_user_last_login_null','2019-12-21 20:13:05.703033');
INSERT INTO "django_migrations" VALUES(11,'auth','0006_require_contenttypes_0002','2019-12-21 20:13:05.711095');
INSERT INTO "django_migrations" VALUES(12,'auth','0007_alter_validators_add_error_messages','2019-12-21 20:13:05.735051');
INSERT INTO "django_migrations" VALUES(13,'auth','0008_alter_user_username_max_length','2019-12-21 20:13:05.756613');
INSERT INTO "django_migrations" VALUES(14,'auth','0009_alter_user_last_name_max_length','2019-12-21 20:13:05.781257');
INSERT INTO "django_migrations" VALUES(15,'sessions','0001_initial','2019-12-21 20:13:05.799485');
INSERT INTO "django_migrations" VALUES(16,'game','0001_initial','2019-12-22 03:17:10.693279');
INSERT INTO "django_migrations" VALUES(17,'game','0002_auto_20191222_0520','2019-12-22 05:20:24.042857');
INSERT INTO "django_migrations" VALUES(18,'game','0003_auto_20191222_0521','2019-12-22 05:21:23.497809');
INSERT INTO "django_migrations" VALUES(19,'game','0004_game_ready_player_count','2019-12-22 05:35:14.033462');
INSERT INTO "django_migrations" VALUES(20,'game','0005_auto_20191222_0537','2019-12-22 05:37:10.849360');
INSERT INTO "django_migrations" VALUES(21,'game','0006_auto_20191222_0542','2019-12-22 05:42:45.253942');
INSERT INTO "django_migrations" VALUES(22,'game','0007_auto_20191222_0548','2019-12-22 05:48:48.203229');
INSERT INTO "django_migrations" VALUES(23,'game','0008_artifact_player','2019-12-22 06:49:56.831946');
INSERT INTO "django_migrations" VALUES(24,'game','0009_auto_20191222_0937','2019-12-22 09:52:02.219720');
INSERT INTO "django_migrations" VALUES(25,'game','0010_auto_20191222_0938','2019-12-22 09:52:02.227027');
INSERT INTO "django_migrations" VALUES(26,'game','0011_auto_20191222_0939','2019-12-22 09:52:02.236206');
INSERT INTO "django_migrations" VALUES(27,'game','0012_auto_20191222_0941','2019-12-22 09:52:02.244453');
INSERT INTO "django_migrations" VALUES(28,'game','0013_auto_20191222_0944','2019-12-22 09:52:02.252095');
INSERT INTO "django_migrations" VALUES(29,'game','0014_auto_20191222_0952','2019-12-22 09:52:02.269820');
INSERT INTO "django_migrations" VALUES(30,'game','0009_auto_20191222_0956','2019-12-22 09:56:50.840808');
INSERT INTO "django_migrations" VALUES(31,'game','0010_auto_20191222_1030','2019-12-22 10:30:41.432933');
INSERT INTO "django_migrations" VALUES(32,'game','0011_auto_20191222_1045','2019-12-22 10:45:37.473658');
INSERT INTO "django_migrations" VALUES(33,'game','0012_card','2019-12-22 11:45:19.692496');
INSERT INTO "django_migrations" VALUES(34,'game','0013_auto_20191222_1237','2019-12-22 12:37:33.543636');
INSERT INTO "django_migrations" VALUES(35,'game','0014_player_is_ready','2019-12-22 19:11:16.240875');
INSERT INTO "django_migrations" VALUES(36,'game','0015_player_next_available_move','2019-12-22 19:37:12.954622');
INSERT INTO "django_migrations" VALUES(37,'game','0016_player_artifact_count','2019-12-22 21:22:35.104528');
INSERT INTO "django_migrations" VALUES(38,'game','0017_auto_20191222_2314','2019-12-22 23:14:36.627453');
INSERT INTO "django_migrations" VALUES(39,'game','0018_auto_20191223_0009','2019-12-23 00:09:18.143167');
CREATE UNIQUE INDEX auth_group_permissions_group_id_permission_id_0cd325b0_uniq ON "auth_group_permissions" ("group_id", "permission_id");
CREATE INDEX IF NOT EXISTS "auth_group_permissions_group_id_b120cbf9" ON "auth_group_permissions" ("group_id");
CREATE INDEX IF NOT EXISTS "auth_group_permissions_permission_id_84c5c92e" ON "auth_group_permissions" ("permission_id");
CREATE UNIQUE INDEX auth_user_groups_user_id_group_id_94350c0c_uniq ON "auth_user_groups" ("user_id", "group_id");
CREATE INDEX IF NOT EXISTS "auth_user_groups_user_id_6a12ed8b" ON "auth_user_groups" ("user_id");
CREATE INDEX IF NOT EXISTS "auth_user_groups_group_id_97559544" ON "auth_user_groups" ("group_id");
CREATE UNIQUE INDEX auth_user_user_permissions_user_id_permission_id_14a6b632_uniq ON "auth_user_user_permissions" ("user_id", "permission_id");
CREATE INDEX IF NOT EXISTS "auth_user_user_permissions_user_id_a95ead1b" ON "auth_user_user_permissions" ("user_id");
CREATE INDEX IF NOT EXISTS "auth_user_user_permissions_permission_id_1fbb5f2c" ON "auth_user_user_permissions" ("permission_id");
CREATE INDEX IF NOT EXISTS "django_admin_log_content_type_id_c4bce8eb" ON "django_admin_log" ("content_type_id");
CREATE INDEX IF NOT EXISTS "django_admin_log_user_id_c564eba6" ON "django_admin_log" ("user_id");
CREATE UNIQUE INDEX django_content_type_app_label_model_76bd3d3b_uniq ON "django_content_type" ("app_label", "model");
CREATE UNIQUE INDEX auth_permission_content_type_id_codename_01ab375a_uniq ON "auth_permission" ("content_type_id", "codename");
CREATE INDEX IF NOT EXISTS "auth_permission_content_type_id_2f476e4b" ON "auth_permission" ("content_type_id");
CREATE INDEX IF NOT EXISTS "django_session_expire_date_a5c62663" ON "django_session" ("expire_date");
CREATE INDEX IF NOT EXISTS "game_artifact_action_id_f3c10a86" ON "game_artifact" ("action_id");
CREATE INDEX IF NOT EXISTS "game_artifact_player_id_83d4fc6a" ON "game_artifact" ("player_id");
CREATE INDEX IF NOT EXISTS "game_action_name_id_b3829dfc" ON "game_action" ("name_id");
CREATE INDEX IF NOT EXISTS "game_card_action_id_a2f1778e" ON "game_card" ("action_id");
CREATE INDEX IF NOT EXISTS "game_cell_action_id_3dfc07cc" ON "game_cell" ("action_id");
CREATE INDEX IF NOT EXISTS "game_cell_game_id_2d836dfd" ON "game_cell" ("game_id");
CREATE INDEX IF NOT EXISTS "game_cell_artifact_id_03ae3da0" ON "game_cell" ("artifact_id");
CREATE INDEX IF NOT EXISTS "game_game_winner_id_0454b392" ON "game_game" ("winner_id");
CREATE INDEX IF NOT EXISTS "game_player_game_id_d1719ce1" ON "game_player" ("game_id");
CREATE INDEX IF NOT EXISTS "game_gamelog_game_id_486a16ee" ON "game_gamelog" ("game_id");
CREATE INDEX IF NOT EXISTS "game_gamelog_player_id_1909b973" ON "game_gamelog" ("player_id");
CREATE TABLE "django_session" ("session_key" varchar(40) NOT NULL PRIMARY KEY, "session_data" text NOT NULL, "expire_date" datetime NOT NULL);
INSERT INTO "django_session" VALUES('jhhh3xutdv30dhlv0g0pbxw9ctxjxunm','NzM3YzA2OWRlODAxMmUwZWQ1OTVjYmIxYTZiZDAyMTVlNGJlYjNkYjp7Il9hdXRoX3VzZXJfaWQiOiIxMiIsIl9hdXRoX3VzZXJfYmFja2VuZCI6ImRqYW5nby5jb250cmliLmF1dGguYmFja2VuZHMuTW9kZWxCYWNrZW5kIiwiX2F1dGhfdXNlcl9oYXNoIjoiMDUwMjQ3MmM4ZTkzMmFhMjhmMjM4ODJlNDY5NGIzNGVmNzc2ZTBlZSJ9','2020-01-05 23:33:58.172289');
INSERT INTO "django_session" VALUES('srh2qik661r2fwpkysv5yl1177sfnym7','NzM3YzA2OWRlODAxMmUwZWQ1OTVjYmIxYTZiZDAyMTVlNGJlYjNkYjp7Il9hdXRoX3VzZXJfaWQiOiIxMiIsIl9hdXRoX3VzZXJfYmFja2VuZCI6ImRqYW5nby5jb250cmliLmF1dGguYmFja2VuZHMuTW9kZWxCYWNrZW5kIiwiX2F1dGhfdXNlcl9oYXNoIjoiMDUwMjQ3MmM4ZTkzMmFhMjhmMjM4ODJlNDY5NGIzNGVmNzc2ZTBlZSJ9','2020-01-06 21:19:38.788629');
CREATE UNIQUE INDEX auth_group_permissions_group_id_permission_id_0cd325b0_uniq ON "auth_group_permissions" ("group_id", "permission_id");
CREATE INDEX IF NOT EXISTS "auth_group_permissions_group_id_b120cbf9" ON "auth_group_permissions" ("group_id");
CREATE INDEX IF NOT EXISTS "auth_group_permissions_permission_id_84c5c92e" ON "auth_group_permissions" ("permission_id");
CREATE UNIQUE INDEX auth_user_groups_user_id_group_id_94350c0c_uniq ON "auth_user_groups" ("user_id", "group_id");
CREATE INDEX IF NOT EXISTS "auth_user_groups_user_id_6a12ed8b" ON "auth_user_groups" ("user_id");
CREATE INDEX IF NOT EXISTS "auth_user_groups_group_id_97559544" ON "auth_user_groups" ("group_id");
CREATE UNIQUE INDEX auth_user_user_permissions_user_id_permission_id_14a6b632_uniq ON "auth_user_user_permissions" ("user_id", "permission_id");
CREATE INDEX IF NOT EXISTS "auth_user_user_permissions_user_id_a95ead1b" ON "auth_user_user_permissions" ("user_id");
CREATE INDEX IF NOT EXISTS "auth_user_user_permissions_permission_id_1fbb5f2c" ON "auth_user_user_permissions" ("permission_id");
CREATE INDEX IF NOT EXISTS "django_admin_log_content_type_id_c4bce8eb" ON "django_admin_log" ("content_type_id");
CREATE INDEX IF NOT EXISTS "django_admin_log_user_id_c564eba6" ON "django_admin_log" ("user_id");
CREATE UNIQUE INDEX django_content_type_app_label_model_76bd3d3b_uniq ON "django_content_type" ("app_label", "model");
CREATE UNIQUE INDEX auth_permission_content_type_id_codename_01ab375a_uniq ON "auth_permission" ("content_type_id", "codename");
CREATE INDEX IF NOT EXISTS "auth_permission_content_type_id_2f476e4b" ON "auth_permission" ("content_type_id");
CREATE INDEX IF NOT EXISTS "django_session_expire_date_a5c62663" ON "django_session" ("expire_date");
CREATE INDEX IF NOT EXISTS "game_artifact_action_id_f3c10a86" ON "game_artifact" ("action_id");
CREATE INDEX IF NOT EXISTS "game_artifact_player_id_83d4fc6a" ON "game_artifact" ("player_id");
CREATE INDEX IF NOT EXISTS "game_action_name_id_b3829dfc" ON "game_action" ("name_id");
CREATE INDEX IF NOT EXISTS "game_card_action_id_a2f1778e" ON "game_card" ("action_id");
CREATE INDEX IF NOT EXISTS "game_cell_action_id_3dfc07cc" ON "game_cell" ("action_id");
CREATE INDEX IF NOT EXISTS "game_cell_game_id_2d836dfd" ON "game_cell" ("game_id");
CREATE INDEX IF NOT EXISTS "game_cell_artifact_id_03ae3da0" ON "game_cell" ("artifact_id");
CREATE INDEX IF NOT EXISTS "game_game_winner_id_0454b392" ON "game_game" ("winner_id");
CREATE INDEX IF NOT EXISTS "game_player_game_id_d1719ce1" ON "game_player" ("game_id");
CREATE INDEX IF NOT EXISTS "game_gamelog_game_id_486a16ee" ON "game_gamelog" ("game_id");
CREATE INDEX IF NOT EXISTS "game_gamelog_player_id_1909b973" ON "game_gamelog" ("player_id");
CREATE TABLE "game_action" ("id" integer NOT NULL PRIMARY KEY AUTOINCREMENT, "name_id" integer NOT NULL REFERENCES "game_actionname" ("id") DEFERRABLE INITIALLY DEFERRED, "value" integer NOT NULL, "player_id" integer NULL);
INSERT INTO "game_action" VALUES(6,11,20,0);
INSERT INTO "game_action" VALUES(7,11,40,0);
INSERT INTO "game_action" VALUES(8,9,2,0);
INSERT INTO "game_action" VALUES(9,13,0,0);
INSERT INTO "game_action" VALUES(10,7,1,0);
INSERT INTO "game_action" VALUES(11,12,20,0);
INSERT INTO "game_action" VALUES(12,10,50,-1);
CREATE UNIQUE INDEX auth_group_permissions_group_id_permission_id_0cd325b0_uniq ON "auth_group_permissions" ("group_id", "permission_id");
CREATE INDEX IF NOT EXISTS "auth_group_permissions_group_id_b120cbf9" ON "auth_group_permissions" ("group_id");
CREATE INDEX IF NOT EXISTS "auth_group_permissions_permission_id_84c5c92e" ON "auth_group_permissions" ("permission_id");
CREATE UNIQUE INDEX auth_user_groups_user_id_group_id_94350c0c_uniq ON "auth_user_groups" ("user_id", "group_id");
CREATE INDEX IF NOT EXISTS "auth_user_groups_user_id_6a12ed8b" ON "auth_user_groups" ("user_id");
CREATE INDEX IF NOT EXISTS "auth_user_groups_group_id_97559544" ON "auth_user_groups" ("group_id");
CREATE UNIQUE INDEX auth_user_user_permissions_user_id_permission_id_14a6b632_uniq ON "auth_user_user_permissions" ("user_id", "permission_id");
CREATE INDEX IF NOT EXISTS "auth_user_user_permissions_user_id_a95ead1b" ON "auth_user_user_permissions" ("user_id");
CREATE INDEX IF NOT EXISTS "auth_user_user_permissions_permission_id_1fbb5f2c" ON "auth_user_user_permissions" ("permission_id");
CREATE INDEX IF NOT EXISTS "django_admin_log_content_type_id_c4bce8eb" ON "django_admin_log" ("content_type_id");
CREATE INDEX IF NOT EXISTS "django_admin_log_user_id_c564eba6" ON "django_admin_log" ("user_id");
CREATE UNIQUE INDEX django_content_type_app_label_model_76bd3d3b_uniq ON "django_content_type" ("app_label", "model");
CREATE UNIQUE INDEX auth_permission_content_type_id_codename_01ab375a_uniq ON "auth_permission" ("content_type_id", "codename");
CREATE INDEX IF NOT EXISTS "auth_permission_content_type_id_2f476e4b" ON "auth_permission" ("content_type_id");
CREATE INDEX IF NOT EXISTS "django_session_expire_date_a5c62663" ON "django_session" ("expire_date");
CREATE INDEX IF NOT EXISTS "game_artifact_action_id_f3c10a86" ON "game_artifact" ("action_id");
CREATE INDEX IF NOT EXISTS "game_artifact_player_id_83d4fc6a" ON "game_artifact" ("player_id");
CREATE INDEX IF NOT EXISTS "game_action_name_id_b3829dfc" ON "game_action" ("name_id");
CREATE INDEX IF NOT EXISTS "game_card_action_id_a2f1778e" ON "game_card" ("action_id");
CREATE INDEX IF NOT EXISTS "game_cell_action_id_3dfc07cc" ON "game_cell" ("action_id");
CREATE INDEX IF NOT EXISTS "game_cell_game_id_2d836dfd" ON "game_cell" ("game_id");
CREATE INDEX IF NOT EXISTS "game_cell_artifact_id_03ae3da0" ON "game_cell" ("artifact_id");
CREATE INDEX IF NOT EXISTS "game_game_winner_id_0454b392" ON "game_game" ("winner_id");
CREATE INDEX IF NOT EXISTS "game_player_game_id_d1719ce1" ON "game_player" ("game_id");
CREATE INDEX IF NOT EXISTS "game_gamelog_game_id_486a16ee" ON "game_gamelog" ("game_id");
CREATE INDEX IF NOT EXISTS "game_gamelog_player_id_1909b973" ON "game_gamelog" ("player_id");
CREATE TABLE "game_actionname" ("id" integer NOT NULL PRIMARY KEY AUTOINCREMENT, "name" varchar(20) NOT NULL);
INSERT INTO "game_actionname" VALUES(7,'jumpA');
INSERT INTO "game_actionname" VALUES(8,'skip');
INSERT INTO "game_actionname" VALUES(9,'jumpR');
INSERT INTO "game_actionname" VALUES(10,'pay');
INSERT INTO "game_actionname" VALUES(11,'drop');
INSERT INTO "game_actionname" VALUES(12,'add');
INSERT INTO "game_actionname" VALUES(13,'drawcard');
CREATE UNIQUE INDEX auth_group_permissions_group_id_permission_id_0cd325b0_uniq ON "auth_group_permissions" ("group_id", "permission_id");
CREATE INDEX IF NOT EXISTS "auth_group_permissions_group_id_b120cbf9" ON "auth_group_permissions" ("group_id");
CREATE INDEX IF NOT EXISTS "auth_group_permissions_permission_id_84c5c92e" ON "auth_group_permissions" ("permission_id");
CREATE UNIQUE INDEX auth_user_groups_user_id_group_id_94350c0c_uniq ON "auth_user_groups" ("user_id", "group_id");
CREATE INDEX IF NOT EXISTS "auth_user_groups_user_id_6a12ed8b" ON "auth_user_groups" ("user_id");
CREATE INDEX IF NOT EXISTS "auth_user_groups_group_id_97559544" ON "auth_user_groups" ("group_id");
CREATE UNIQUE INDEX auth_user_user_permissions_user_id_permission_id_14a6b632_uniq ON "auth_user_user_permissions" ("user_id", "permission_id");
CREATE INDEX IF NOT EXISTS "auth_user_user_permissions_user_id_a95ead1b" ON "auth_user_user_permissions" ("user_id");
CREATE INDEX IF NOT EXISTS "auth_user_user_permissions_permission_id_1fbb5f2c" ON "auth_user_user_permissions" ("permission_id");
CREATE INDEX IF NOT EXISTS "django_admin_log_content_type_id_c4bce8eb" ON "django_admin_log" ("content_type_id");
CREATE INDEX IF NOT EXISTS "django_admin_log_user_id_c564eba6" ON "django_admin_log" ("user_id");
CREATE UNIQUE INDEX django_content_type_app_label_model_76bd3d3b_uniq ON "django_content_type" ("app_label", "model");
CREATE UNIQUE INDEX auth_permission_content_type_id_codename_01ab375a_uniq ON "auth_permission" ("content_type_id", "codename");
CREATE INDEX IF NOT EXISTS "auth_permission_content_type_id_2f476e4b" ON "auth_permission" ("content_type_id");
CREATE INDEX IF NOT EXISTS "django_session_expire_date_a5c62663" ON "django_session" ("expire_date");
CREATE INDEX IF NOT EXISTS "game_artifact_action_id_f3c10a86" ON "game_artifact" ("action_id");
CREATE INDEX IF NOT EXISTS "game_artifact_player_id_83d4fc6a" ON "game_artifact" ("player_id");
CREATE INDEX IF NOT EXISTS "game_action_name_id_b3829dfc" ON "game_action" ("name_id");
CREATE INDEX IF NOT EXISTS "game_card_action_id_a2f1778e" ON "game_card" ("action_id");
CREATE INDEX IF NOT EXISTS "game_cell_action_id_3dfc07cc" ON "game_cell" ("action_id");
CREATE INDEX IF NOT EXISTS "game_cell_game_id_2d836dfd" ON "game_cell" ("game_id");
CREATE INDEX IF NOT EXISTS "game_cell_artifact_id_03ae3da0" ON "game_cell" ("artifact_id");
CREATE INDEX IF NOT EXISTS "game_game_winner_id_0454b392" ON "game_game" ("winner_id");
CREATE INDEX IF NOT EXISTS "game_player_game_id_d1719ce1" ON "game_player" ("game_id");
CREATE INDEX IF NOT EXISTS "game_gamelog_game_id_486a16ee" ON "game_gamelog" ("game_id");
CREATE INDEX IF NOT EXISTS "game_gamelog_player_id_1909b973" ON "game_gamelog" ("player_id");
CREATE TABLE "game_artifact" ("id" integer NOT NULL PRIMARY KEY AUTOINCREMENT, "name" varchar(20) NOT NULL, "owned" bool NOT NULL, "price" integer NOT NULL, "action_id" integer NULL REFERENCES "game_action" ("id") DEFERRABLE INITIALLY DEFERRED, "player_id" integer NULL REFERENCES "game_player" ("id") DEFERRABLE INITIALLY DEFERRED);
INSERT INTO "game_artifact" VALUES(5,'haydartifact',0,10,NULL,NULL);
INSERT INTO "game_artifact" VALUES(6,'firstArtifact',0,50,10,NULL);
CREATE UNIQUE INDEX auth_group_permissions_group_id_permission_id_0cd325b0_uniq ON "auth_group_permissions" ("group_id", "permission_id");
CREATE INDEX IF NOT EXISTS "auth_group_permissions_group_id_b120cbf9" ON "auth_group_permissions" ("group_id");
CREATE INDEX IF NOT EXISTS "auth_group_permissions_permission_id_84c5c92e" ON "auth_group_permissions" ("permission_id");
CREATE UNIQUE INDEX auth_user_groups_user_id_group_id_94350c0c_uniq ON "auth_user_groups" ("user_id", "group_id");
CREATE INDEX IF NOT EXISTS "auth_user_groups_user_id_6a12ed8b" ON "auth_user_groups" ("user_id");
CREATE INDEX IF NOT EXISTS "auth_user_groups_group_id_97559544" ON "auth_user_groups" ("group_id");
CREATE UNIQUE INDEX auth_user_user_permissions_user_id_permission_id_14a6b632_uniq ON "auth_user_user_permissions" ("user_id", "permission_id");
CREATE INDEX IF NOT EXISTS "auth_user_user_permissions_user_id_a95ead1b" ON "auth_user_user_permissions" ("user_id");
CREATE INDEX IF NOT EXISTS "auth_user_user_permissions_permission_id_1fbb5f2c" ON "auth_user_user_permissions" ("permission_id");
CREATE INDEX IF NOT EXISTS "django_admin_log_content_type_id_c4bce8eb" ON "django_admin_log" ("content_type_id");
CREATE INDEX IF NOT EXISTS "django_admin_log_user_id_c564eba6" ON "django_admin_log" ("user_id");
CREATE UNIQUE INDEX django_content_type_app_label_model_76bd3d3b_uniq ON "django_content_type" ("app_label", "model");
CREATE UNIQUE INDEX auth_permission_content_type_id_codename_01ab375a_uniq ON "auth_permission" ("content_type_id", "codename");
CREATE INDEX IF NOT EXISTS "auth_permission_content_type_id_2f476e4b" ON "auth_permission" ("content_type_id");
CREATE INDEX IF NOT EXISTS "django_session_expire_date_a5c62663" ON "django_session" ("expire_date");
CREATE INDEX IF NOT EXISTS "game_artifact_action_id_f3c10a86" ON "game_artifact" ("action_id");
CREATE INDEX IF NOT EXISTS "game_artifact_player_id_83d4fc6a" ON "game_artifact" ("player_id");
CREATE INDEX IF NOT EXISTS "game_action_name_id_b3829dfc" ON "game_action" ("name_id");
CREATE INDEX IF NOT EXISTS "game_card_action_id_a2f1778e" ON "game_card" ("action_id");
CREATE INDEX IF NOT EXISTS "game_cell_action_id_3dfc07cc" ON "game_cell" ("action_id");
CREATE INDEX IF NOT EXISTS "game_cell_game_id_2d836dfd" ON "game_cell" ("game_id");
CREATE INDEX IF NOT EXISTS "game_cell_artifact_id_03ae3da0" ON "game_cell" ("artifact_id");
CREATE INDEX IF NOT EXISTS "game_game_winner_id_0454b392" ON "game_game" ("winner_id");
CREATE INDEX IF NOT EXISTS "game_player_game_id_d1719ce1" ON "game_player" ("game_id");
CREATE INDEX IF NOT EXISTS "game_gamelog_game_id_486a16ee" ON "game_gamelog" ("game_id");
CREATE INDEX IF NOT EXISTS "game_gamelog_player_id_1909b973" ON "game_gamelog" ("player_id");
CREATE TABLE "game_card" ("id" integer NOT NULL PRIMARY KEY AUTOINCREMENT, "action_id" integer NOT NULL REFERENCES "game_action" ("id") DEFERRABLE INITIALLY DEFERRED);
INSERT INTO "game_card" VALUES(7,6);
INSERT INTO "game_card" VALUES(8,8);
INSERT INTO "game_card" VALUES(9,12);
INSERT INTO "game_card" VALUES(10,10);
INSERT INTO "game_card" VALUES(11,11);
CREATE UNIQUE INDEX auth_group_permissions_group_id_permission_id_0cd325b0_uniq ON "auth_group_permissions" ("group_id", "permission_id");
CREATE INDEX IF NOT EXISTS "auth_group_permissions_group_id_b120cbf9" ON "auth_group_permissions" ("group_id");
CREATE INDEX IF NOT EXISTS "auth_group_permissions_permission_id_84c5c92e" ON "auth_group_permissions" ("permission_id");
CREATE UNIQUE INDEX auth_user_groups_user_id_group_id_94350c0c_uniq ON "auth_user_groups" ("user_id", "group_id");
CREATE INDEX IF NOT EXISTS "auth_user_groups_user_id_6a12ed8b" ON "auth_user_groups" ("user_id");
CREATE INDEX IF NOT EXISTS "auth_user_groups_group_id_97559544" ON "auth_user_groups" ("group_id");
CREATE UNIQUE INDEX auth_user_user_permissions_user_id_permission_id_14a6b632_uniq ON "auth_user_user_permissions" ("user_id", "permission_id");
CREATE INDEX IF NOT EXISTS "auth_user_user_permissions_user_id_a95ead1b" ON "auth_user_user_permissions" ("user_id");
CREATE INDEX IF NOT EXISTS "auth_user_user_permissions_permission_id_1fbb5f2c" ON "auth_user_user_permissions" ("permission_id");
CREATE INDEX IF NOT EXISTS "django_admin_log_content_type_id_c4bce8eb" ON "django_admin_log" ("content_type_id");
CREATE INDEX IF NOT EXISTS "django_admin_log_user_id_c564eba6" ON "django_admin_log" ("user_id");
CREATE UNIQUE INDEX django_content_type_app_label_model_76bd3d3b_uniq ON "django_content_type" ("app_label", "model");
CREATE UNIQUE INDEX auth_permission_content_type_id_codename_01ab375a_uniq ON "auth_permission" ("content_type_id", "codename");
CREATE INDEX IF NOT EXISTS "auth_permission_content_type_id_2f476e4b" ON "auth_permission" ("content_type_id");
CREATE INDEX IF NOT EXISTS "django_session_expire_date_a5c62663" ON "django_session" ("expire_date");
CREATE INDEX IF NOT EXISTS "game_artifact_action_id_f3c10a86" ON "game_artifact" ("action_id");
CREATE INDEX IF NOT EXISTS "game_artifact_player_id_83d4fc6a" ON "game_artifact" ("player_id");
CREATE INDEX IF NOT EXISTS "game_action_name_id_b3829dfc" ON "game_action" ("name_id");
CREATE INDEX IF NOT EXISTS "game_card_action_id_a2f1778e" ON "game_card" ("action_id");
CREATE INDEX IF NOT EXISTS "game_cell_action_id_3dfc07cc" ON "game_cell" ("action_id");
CREATE INDEX IF NOT EXISTS "game_cell_game_id_2d836dfd" ON "game_cell" ("game_id");
CREATE INDEX IF NOT EXISTS "game_cell_artifact_id_03ae3da0" ON "game_cell" ("artifact_id");
CREATE INDEX IF NOT EXISTS "game_game_winner_id_0454b392" ON "game_game" ("winner_id");
CREATE INDEX IF NOT EXISTS "game_player_game_id_d1719ce1" ON "game_player" ("game_id");
CREATE INDEX IF NOT EXISTS "game_gamelog_game_id_486a16ee" ON "game_gamelog" ("game_id");
CREATE INDEX IF NOT EXISTS "game_gamelog_player_id_1909b973" ON "game_gamelog" ("player_id");
CREATE TABLE "game_cell" ("id" integer NOT NULL PRIMARY KEY AUTOINCREMENT, "cell_index" integer NOT NULL, "description" varchar(100) NOT NULL, "action_id" integer NULL REFERENCES "game_action" ("id") DEFERRABLE INITIALLY DEFERRED, "game_id" integer NOT NULL REFERENCES "game_game" ("id") DEFERRABLE INITIALLY DEFERRED, "artifact_id" integer NULL REFERENCES "game_artifact" ("id") DEFERRABLE INITIALLY DEFERRED);
INSERT INTO "game_cell" VALUES(3,0,'cell0',8,1,NULL);
INSERT INTO "game_cell" VALUES(4,0,'game2 ilk',11,2,NULL);
INSERT INTO "game_cell" VALUES(5,1,'cell1',11,1,5);
INSERT INTO "game_cell" VALUES(6,1,'ikinci',NULL,2,6);
INSERT INTO "game_cell" VALUES(7,2,'cell2',8,1,NULL);
INSERT INTO "game_cell" VALUES(8,3,'cell3',NULL,1,6);
INSERT INTO "game_cell" VALUES(9,2,'gg',9,2,NULL);
INSERT INTO "game_cell" VALUES(10,4,'cell4',NULL,1,NULL);
INSERT INTO "game_cell" VALUES(11,3,'hadi',10,2,NULL);
INSERT INTO "game_cell" VALUES(12,4,'sona dogru',8,2,6);
INSERT INTO "game_cell" VALUES(13,5,'finall',NULL,2,NULL);
CREATE UNIQUE INDEX auth_group_permissions_group_id_permission_id_0cd325b0_uniq ON "auth_group_permissions" ("group_id", "permission_id");
CREATE INDEX IF NOT EXISTS "auth_group_permissions_group_id_b120cbf9" ON "auth_group_permissions" ("group_id");
CREATE INDEX IF NOT EXISTS "auth_group_permissions_permission_id_84c5c92e" ON "auth_group_permissions" ("permission_id");
CREATE UNIQUE INDEX auth_user_groups_user_id_group_id_94350c0c_uniq ON "auth_user_groups" ("user_id", "group_id");
CREATE INDEX IF NOT EXISTS "auth_user_groups_user_id_6a12ed8b" ON "auth_user_groups" ("user_id");
CREATE INDEX IF NOT EXISTS "auth_user_groups_group_id_97559544" ON "auth_user_groups" ("group_id");
CREATE UNIQUE INDEX auth_user_user_permissions_user_id_permission_id_14a6b632_uniq ON "auth_user_user_permissions" ("user_id", "permission_id");
CREATE INDEX IF NOT EXISTS "auth_user_user_permissions_user_id_a95ead1b" ON "auth_user_user_permissions" ("user_id");
CREATE INDEX IF NOT EXISTS "auth_user_user_permissions_permission_id_1fbb5f2c" ON "auth_user_user_permissions" ("permission_id");
CREATE INDEX IF NOT EXISTS "django_admin_log_content_type_id_c4bce8eb" ON "django_admin_log" ("content_type_id");
CREATE INDEX IF NOT EXISTS "django_admin_log_user_id_c564eba6" ON "django_admin_log" ("user_id");
CREATE UNIQUE INDEX django_content_type_app_label_model_76bd3d3b_uniq ON "django_content_type" ("app_label", "model");
CREATE UNIQUE INDEX auth_permission_content_type_id_codename_01ab375a_uniq ON "auth_permission" ("content_type_id", "codename");
CREATE INDEX IF NOT EXISTS "auth_permission_content_type_id_2f476e4b" ON "auth_permission" ("content_type_id");
CREATE INDEX IF NOT EXISTS "django_session_expire_date_a5c62663" ON "django_session" ("expire_date");
CREATE INDEX IF NOT EXISTS "game_artifact_action_id_f3c10a86" ON "game_artifact" ("action_id");
CREATE INDEX IF NOT EXISTS "game_artifact_player_id_83d4fc6a" ON "game_artifact" ("player_id");
CREATE INDEX IF NOT EXISTS "game_action_name_id_b3829dfc" ON "game_action" ("name_id");
CREATE INDEX IF NOT EXISTS "game_card_action_id_a2f1778e" ON "game_card" ("action_id");
CREATE INDEX IF NOT EXISTS "game_cell_action_id_3dfc07cc" ON "game_cell" ("action_id");
CREATE INDEX IF NOT EXISTS "game_cell_game_id_2d836dfd" ON "game_cell" ("game_id");
CREATE INDEX IF NOT EXISTS "game_cell_artifact_id_03ae3da0" ON "game_cell" ("artifact_id");
CREATE INDEX IF NOT EXISTS "game_game_winner_id_0454b392" ON "game_game" ("winner_id");
CREATE INDEX IF NOT EXISTS "game_player_game_id_d1719ce1" ON "game_player" ("game_id");
CREATE INDEX IF NOT EXISTS "game_gamelog_game_id_486a16ee" ON "game_gamelog" ("game_id");
CREATE INDEX IF NOT EXISTS "game_gamelog_player_id_1909b973" ON "game_gamelog" ("player_id");
CREATE TABLE "game_game" ("id" integer NOT NULL PRIMARY KEY AUTOINCREMENT, "name" varchar(50) NOT NULL, "dice" integer NOT NULL, "credit" integer NOT NULL, "current_player_id" integer NOT NULL, "current_round" integer NOT NULL, "game_ended" bool NOT NULL, "created" datetime NOT NULL, "modified" datetime NOT NULL, "winner_id" integer NULL REFERENCES "auth_user" ("id") DEFERRABLE INITIALLY DEFERRED, "cycle_value" integer NOT NULL, "game_status" varchar(30) NOT NULL, "is_cycle_enabled" bool NOT NULL, "player_count" integer NOT NULL, "termination_condition" varchar(20) NOT NULL, "termination_value" integer NOT NULL, "ready_player_count" integer NULL, "cell_count" integer NOT NULL);
INSERT INTO "game_game" VALUES(1,'game1',3,100,-1,0,0,'2019-12-22 23:23:21.774225','2019-12-23 21:21:12.161455',NULL,10,'initial',1,0,'round',3,0,0);
INSERT INTO "game_game" VALUES(2,'game2',3,100,-1,0,0,'2019-12-22 23:23:23.913255','2019-12-23 21:20:56.672403',NULL,0,'initial',1,0,'first_collect',1,0,0);
CREATE UNIQUE INDEX auth_group_permissions_group_id_permission_id_0cd325b0_uniq ON "auth_group_permissions" ("group_id", "permission_id");
CREATE INDEX IF NOT EXISTS "auth_group_permissions_group_id_b120cbf9" ON "auth_group_permissions" ("group_id");
CREATE INDEX IF NOT EXISTS "auth_group_permissions_permission_id_84c5c92e" ON "auth_group_permissions" ("permission_id");
CREATE UNIQUE INDEX auth_user_groups_user_id_group_id_94350c0c_uniq ON "auth_user_groups" ("user_id", "group_id");
CREATE INDEX IF NOT EXISTS "auth_user_groups_user_id_6a12ed8b" ON "auth_user_groups" ("user_id");
CREATE INDEX IF NOT EXISTS "auth_user_groups_group_id_97559544" ON "auth_user_groups" ("group_id");
CREATE UNIQUE INDEX auth_user_user_permissions_user_id_permission_id_14a6b632_uniq ON "auth_user_user_permissions" ("user_id", "permission_id");
CREATE INDEX IF NOT EXISTS "auth_user_user_permissions_user_id_a95ead1b" ON "auth_user_user_permissions" ("user_id");
CREATE INDEX IF NOT EXISTS "auth_user_user_permissions_permission_id_1fbb5f2c" ON "auth_user_user_permissions" ("permission_id");
CREATE INDEX IF NOT EXISTS "django_admin_log_content_type_id_c4bce8eb" ON "django_admin_log" ("content_type_id");
CREATE INDEX IF NOT EXISTS "django_admin_log_user_id_c564eba6" ON "django_admin_log" ("user_id");
CREATE UNIQUE INDEX django_content_type_app_label_model_76bd3d3b_uniq ON "django_content_type" ("app_label", "model");
CREATE UNIQUE INDEX auth_permission_content_type_id_codename_01ab375a_uniq ON "auth_permission" ("content_type_id", "codename");
CREATE INDEX IF NOT EXISTS "auth_permission_content_type_id_2f476e4b" ON "auth_permission" ("content_type_id");
CREATE INDEX IF NOT EXISTS "django_session_expire_date_a5c62663" ON "django_session" ("expire_date");
CREATE INDEX IF NOT EXISTS "game_artifact_action_id_f3c10a86" ON "game_artifact" ("action_id");
CREATE INDEX IF NOT EXISTS "game_artifact_player_id_83d4fc6a" ON "game_artifact" ("player_id");
CREATE INDEX IF NOT EXISTS "game_action_name_id_b3829dfc" ON "game_action" ("name_id");
CREATE INDEX IF NOT EXISTS "game_card_action_id_a2f1778e" ON "game_card" ("action_id");
CREATE INDEX IF NOT EXISTS "game_cell_action_id_3dfc07cc" ON "game_cell" ("action_id");
CREATE INDEX IF NOT EXISTS "game_cell_game_id_2d836dfd" ON "game_cell" ("game_id");
CREATE INDEX IF NOT EXISTS "game_cell_artifact_id_03ae3da0" ON "game_cell" ("artifact_id");
CREATE INDEX IF NOT EXISTS "game_game_winner_id_0454b392" ON "game_game" ("winner_id");
CREATE INDEX IF NOT EXISTS "game_player_game_id_d1719ce1" ON "game_player" ("game_id");
CREATE INDEX IF NOT EXISTS "game_gamelog_game_id_486a16ee" ON "game_gamelog" ("game_id");
CREATE INDEX IF NOT EXISTS "game_gamelog_player_id_1909b973" ON "game_gamelog" ("player_id");
CREATE TABLE "game_gamelog" ("id" integer NOT NULL PRIMARY KEY AUTOINCREMENT, "message" varchar(100) NOT NULL, "created" datetime NOT NULL, "modified" datetime NOT NULL, "game_id" integer NOT NULL REFERENCES "game_game" ("id") DEFERRABLE INITIALLY DEFERRED, "player_id" integer NULL REFERENCES "game_player" ("id") DEFERRABLE INITIALLY DEFERRED);
CREATE UNIQUE INDEX auth_group_permissions_group_id_permission_id_0cd325b0_uniq ON "auth_group_permissions" ("group_id", "permission_id");
CREATE INDEX IF NOT EXISTS "auth_group_permissions_group_id_b120cbf9" ON "auth_group_permissions" ("group_id");
CREATE INDEX IF NOT EXISTS "auth_group_permissions_permission_id_84c5c92e" ON "auth_group_permissions" ("permission_id");
CREATE UNIQUE INDEX auth_user_groups_user_id_group_id_94350c0c_uniq ON "auth_user_groups" ("user_id", "group_id");
CREATE INDEX IF NOT EXISTS "auth_user_groups_user_id_6a12ed8b" ON "auth_user_groups" ("user_id");
CREATE INDEX IF NOT EXISTS "auth_user_groups_group_id_97559544" ON "auth_user_groups" ("group_id");
CREATE UNIQUE INDEX auth_user_user_permissions_user_id_permission_id_14a6b632_uniq ON "auth_user_user_permissions" ("user_id", "permission_id");
CREATE INDEX IF NOT EXISTS "auth_user_user_permissions_user_id_a95ead1b" ON "auth_user_user_permissions" ("user_id");
CREATE INDEX IF NOT EXISTS "auth_user_user_permissions_permission_id_1fbb5f2c" ON "auth_user_user_permissions" ("permission_id");
CREATE INDEX IF NOT EXISTS "django_admin_log_content_type_id_c4bce8eb" ON "django_admin_log" ("content_type_id");
CREATE INDEX IF NOT EXISTS "django_admin_log_user_id_c564eba6" ON "django_admin_log" ("user_id");
CREATE UNIQUE INDEX django_content_type_app_label_model_76bd3d3b_uniq ON "django_content_type" ("app_label", "model");
CREATE UNIQUE INDEX auth_permission_content_type_id_codename_01ab375a_uniq ON "auth_permission" ("content_type_id", "codename");
CREATE INDEX IF NOT EXISTS "auth_permission_content_type_id_2f476e4b" ON "auth_permission" ("content_type_id");
CREATE INDEX IF NOT EXISTS "django_session_expire_date_a5c62663" ON "django_session" ("expire_date");
CREATE INDEX IF NOT EXISTS "game_artifact_action_id_f3c10a86" ON "game_artifact" ("action_id");
CREATE INDEX IF NOT EXISTS "game_artifact_player_id_83d4fc6a" ON "game_artifact" ("player_id");
CREATE INDEX IF NOT EXISTS "game_action_name_id_b3829dfc" ON "game_action" ("name_id");
CREATE INDEX IF NOT EXISTS "game_card_action_id_a2f1778e" ON "game_card" ("action_id");
CREATE INDEX IF NOT EXISTS "game_cell_action_id_3dfc07cc" ON "game_cell" ("action_id");
CREATE INDEX IF NOT EXISTS "game_cell_game_id_2d836dfd" ON "game_cell" ("game_id");
CREATE INDEX IF NOT EXISTS "game_cell_artifact_id_03ae3da0" ON "game_cell" ("artifact_id");
CREATE INDEX IF NOT EXISTS "game_game_winner_id_0454b392" ON "game_game" ("winner_id");
CREATE INDEX IF NOT EXISTS "game_player_game_id_d1719ce1" ON "game_player" ("game_id");
CREATE INDEX IF NOT EXISTS "game_gamelog_game_id_486a16ee" ON "game_gamelog" ("game_id");
CREATE INDEX IF NOT EXISTS "game_gamelog_player_id_1909b973" ON "game_gamelog" ("player_id");
CREATE TABLE "game_player" ("id" integer NOT NULL PRIMARY KEY AUTOINCREMENT, "name" varchar(40) NOT NULL, "cycle_count" integer NOT NULL, "credits" integer NOT NULL, "current_cell" integer NOT NULL, "game_id" integer NULL REFERENCES "game_game" ("id") DEFERRABLE INITIALLY DEFERRED, "user_id" integer NULL UNIQUE REFERENCES "auth_user" ("id") DEFERRABLE INITIALLY DEFERRED, "is_ready" bool NOT NULL, "next_available_move" varchar(20) NOT NULL, "artifact_count" integer NOT NULL, "skip_left_round" integer NOT NULL);
INSERT INTO "game_player" VALUES(1,'ilker',0,100,0,NULL,13,0,'roll',0,0);
INSERT INTO "game_player" VALUES(2,'ilker1',0,100,0,NULL,14,0,'roll',0,0);
INSERT INTO "game_player" VALUES(3,'onur1',0,100,0,NULL,15,0,'roll',0,0);
INSERT INTO "game_player" VALUES(4,'onur2',0,100,0,NULL,16,0,'roll',0,0);
CREATE UNIQUE INDEX auth_group_permissions_group_id_permission_id_0cd325b0_uniq ON "auth_group_permissions" ("group_id", "permission_id");
CREATE INDEX IF NOT EXISTS "auth_group_permissions_group_id_b120cbf9" ON "auth_group_permissions" ("group_id");
CREATE INDEX IF NOT EXISTS "auth_group_permissions_permission_id_84c5c92e" ON "auth_group_permissions" ("permission_id");
CREATE UNIQUE INDEX auth_user_groups_user_id_group_id_94350c0c_uniq ON "auth_user_groups" ("user_id", "group_id");
CREATE INDEX IF NOT EXISTS "auth_user_groups_user_id_6a12ed8b" ON "auth_user_groups" ("user_id");
CREATE INDEX IF NOT EXISTS "auth_user_groups_group_id_97559544" ON "auth_user_groups" ("group_id");
CREATE UNIQUE INDEX auth_user_user_permissions_user_id_permission_id_14a6b632_uniq ON "auth_user_user_permissions" ("user_id", "permission_id");
CREATE INDEX IF NOT EXISTS "auth_user_user_permissions_user_id_a95ead1b" ON "auth_user_user_permissions" ("user_id");
CREATE INDEX IF NOT EXISTS "auth_user_user_permissions_permission_id_1fbb5f2c" ON "auth_user_user_permissions" ("permission_id");
CREATE INDEX IF NOT EXISTS "django_admin_log_content_type_id_c4bce8eb" ON "django_admin_log" ("content_type_id");
CREATE INDEX IF NOT EXISTS "django_admin_log_user_id_c564eba6" ON "django_admin_log" ("user_id");
CREATE UNIQUE INDEX django_content_type_app_label_model_76bd3d3b_uniq ON "django_content_type" ("app_label", "model");
CREATE UNIQUE INDEX auth_permission_content_type_id_codename_01ab375a_uniq ON "auth_permission" ("content_type_id", "codename");
CREATE INDEX IF NOT EXISTS "auth_permission_content_type_id_2f476e4b" ON "auth_permission" ("content_type_id");
CREATE INDEX IF NOT EXISTS "django_session_expire_date_a5c62663" ON "django_session" ("expire_date");
CREATE INDEX IF NOT EXISTS "game_artifact_action_id_f3c10a86" ON "game_artifact" ("action_id");
CREATE INDEX IF NOT EXISTS "game_artifact_player_id_83d4fc6a" ON "game_artifact" ("player_id");
CREATE INDEX IF NOT EXISTS "game_action_name_id_b3829dfc" ON "game_action" ("name_id");
CREATE INDEX IF NOT EXISTS "game_card_action_id_a2f1778e" ON "game_card" ("action_id");
CREATE INDEX IF NOT EXISTS "game_cell_action_id_3dfc07cc" ON "game_cell" ("action_id");
CREATE INDEX IF NOT EXISTS "game_cell_game_id_2d836dfd" ON "game_cell" ("game_id");
CREATE INDEX IF NOT EXISTS "game_cell_artifact_id_03ae3da0" ON "game_cell" ("artifact_id");
CREATE INDEX IF NOT EXISTS "game_game_winner_id_0454b392" ON "game_game" ("winner_id");
CREATE INDEX IF NOT EXISTS "game_player_game_id_d1719ce1" ON "game_player" ("game_id");
CREATE INDEX IF NOT EXISTS "game_gamelog_game_id_486a16ee" ON "game_gamelog" ("game_id");
CREATE INDEX IF NOT EXISTS "game_gamelog_player_id_1909b973" ON "game_gamelog" ("player_id");
