CREATE TABLE "auth_group" ("id" integer NOT NULL PRIMARY KEY AUTOINCREMENT, "name" varchar(80) NOT NULL UNIQUE);
CREATE UNIQUE INDEX auth_group_permissions_group_id_permission_id_0cd325b0_uniq ON "auth_group_permissions" ("group_id", "permission_id");
CREATE INDEX IF NOT EXISTS "auth_group_permissions_group_id_b120cbf9" ON "auth_group_permissions" ("group_id");
CREATE INDEX IF NOT EXISTS "auth_group_permissions_permission_id_84c5c92e" ON "auth_group_permissions" ("permission_id");
CREATE UNIQUE INDEX auth_user_groups_user_id_group_id_94350c0c_uniq ON "auth_user_groups" ("user_id", "group_id");
CREATE INDEX IF NOT EXISTS "auth_user_groups_user_id_6a12ed8b" ON "auth_user_groups" ("user_id");
CREATE INDEX IF NOT EXISTS "auth_user_groups_group_id_97559544" ON "auth_user_groups" ("group_id");
CREATE UNIQUE INDEX auth_user_user_permissions_user_id_permission_id_14a6b632_uniq ON "auth_user_user_permissions" ("user_id", "permission_id");
CREATE INDEX IF NOT EXISTS "auth_user_user_permissions_user_id_a95ead1b" ON "auth_user_user_permissions" ("user_id");
CREATE INDEX IF NOT EXISTS "auth_user_user_permissions_permission_id_1fbb5f2c" ON "auth_user_user_permissions" ("permission_id");
CREATE INDEX IF NOT EXISTS "django_admin_log_content_type_id_c4bce8eb" ON "django_admin_log" ("content_type_id");
CREATE INDEX IF NOT EXISTS "django_admin_log_user_id_c564eba6" ON "django_admin_log" ("user_id");
CREATE UNIQUE INDEX django_content_type_app_label_model_76bd3d3b_uniq ON "django_content_type" ("app_label", "model");
CREATE UNIQUE INDEX auth_permission_content_type_id_codename_01ab375a_uniq ON "auth_permission" ("content_type_id", "codename");
CREATE INDEX IF NOT EXISTS "auth_permission_content_type_id_2f476e4b" ON "auth_permission" ("content_type_id");
CREATE INDEX IF NOT EXISTS "django_session_expire_date_a5c62663" ON "django_session" ("expire_date");
CREATE INDEX IF NOT EXISTS "game_gamelog_game_id_486a16ee" ON "game_gamelog" ("game_id");
CREATE INDEX IF NOT EXISTS "game_gamelog_player_id_1909b973" ON "game_gamelog" ("player_id");
CREATE INDEX IF NOT EXISTS "game_artifact_action_id_f3c10a86" ON "game_artifact" ("action_id");
CREATE INDEX IF NOT EXISTS "game_artifact_player_id_83d4fc6a" ON "game_artifact" ("player_id");
CREATE INDEX IF NOT EXISTS "game_action_name_id_b3829dfc" ON "game_action" ("name_id");
CREATE INDEX IF NOT EXISTS "game_game_winner_id_0454b392" ON "game_game" ("winner_id");
CREATE INDEX IF NOT EXISTS "game_card_action_id_a2f1778e" ON "game_card" ("action_id");
CREATE INDEX IF NOT EXISTS "game_cell_action_id_3dfc07cc" ON "game_cell" ("action_id");
CREATE INDEX IF NOT EXISTS "game_cell_game_id_2d836dfd" ON "game_cell" ("game_id");
CREATE INDEX IF NOT EXISTS "game_cell_artifact_id_03ae3da0" ON "game_cell" ("artifact_id");
CREATE INDEX IF NOT EXISTS "game_player_game_id_d1719ce1" ON "game_player" ("game_id");
CREATE TABLE "auth_group_permissions" ("id" integer NOT NULL PRIMARY KEY AUTOINCREMENT, "group_id" integer NOT NULL REFERENCES "auth_group" ("id") DEFERRABLE INITIALLY DEFERRED, "permission_id" integer NOT NULL REFERENCES "auth_permission" ("id") DEFERRABLE INITIALLY DEFERRED);
CREATE UNIQUE INDEX auth_group_permissions_group_id_permission_id_0cd325b0_uniq ON "auth_group_permissions" ("group_id", "permission_id");
CREATE INDEX IF NOT EXISTS "auth_group_permissions_group_id_b120cbf9" ON "auth_group_permissions" ("group_id");
CREATE INDEX IF NOT EXISTS "auth_group_permissions_permission_id_84c5c92e" ON "auth_group_permissions" ("permission_id");
CREATE UNIQUE INDEX auth_user_groups_user_id_group_id_94350c0c_uniq ON "auth_user_groups" ("user_id", "group_id");
CREATE INDEX IF NOT EXISTS "auth_user_groups_user_id_6a12ed8b" ON "auth_user_groups" ("user_id");
CREATE INDEX IF NOT EXISTS "auth_user_groups_group_id_97559544" ON "auth_user_groups" ("group_id");
CREATE UNIQUE INDEX auth_user_user_permissions_user_id_permission_id_14a6b632_uniq ON "auth_user_user_permissions" ("user_id", "permission_id");
CREATE INDEX IF NOT EXISTS "auth_user_user_permissions_user_id_a95ead1b" ON "auth_user_user_permissions" ("user_id");
CREATE INDEX IF NOT EXISTS "auth_user_user_permissions_permission_id_1fbb5f2c" ON "auth_user_user_permissions" ("permission_id");
CREATE INDEX IF NOT EXISTS "django_admin_log_content_type_id_c4bce8eb" ON "django_admin_log" ("content_type_id");
CREATE INDEX IF NOT EXISTS "django_admin_log_user_id_c564eba6" ON "django_admin_log" ("user_id");
CREATE UNIQUE INDEX django_content_type_app_label_model_76bd3d3b_uniq ON "django_content_type" ("app_label", "model");
CREATE UNIQUE INDEX auth_permission_content_type_id_codename_01ab375a_uniq ON "auth_permission" ("content_type_id", "codename");
CREATE INDEX IF NOT EXISTS "auth_permission_content_type_id_2f476e4b" ON "auth_permission" ("content_type_id");
CREATE INDEX IF NOT EXISTS "django_session_expire_date_a5c62663" ON "django_session" ("expire_date");
CREATE INDEX IF NOT EXISTS "game_gamelog_game_id_486a16ee" ON "game_gamelog" ("game_id");
CREATE INDEX IF NOT EXISTS "game_gamelog_player_id_1909b973" ON "game_gamelog" ("player_id");
CREATE INDEX IF NOT EXISTS "game_artifact_action_id_f3c10a86" ON "game_artifact" ("action_id");
CREATE INDEX IF NOT EXISTS "game_artifact_player_id_83d4fc6a" ON "game_artifact" ("player_id");
CREATE INDEX IF NOT EXISTS "game_action_name_id_b3829dfc" ON "game_action" ("name_id");
CREATE INDEX IF NOT EXISTS "game_game_winner_id_0454b392" ON "game_game" ("winner_id");
CREATE INDEX IF NOT EXISTS "game_card_action_id_a2f1778e" ON "game_card" ("action_id");
CREATE INDEX IF NOT EXISTS "game_cell_action_id_3dfc07cc" ON "game_cell" ("action_id");
CREATE INDEX IF NOT EXISTS "game_cell_game_id_2d836dfd" ON "game_cell" ("game_id");
CREATE INDEX IF NOT EXISTS "game_cell_artifact_id_03ae3da0" ON "game_cell" ("artifact_id");
CREATE INDEX IF NOT EXISTS "game_player_game_id_d1719ce1" ON "game_player" ("game_id");
CREATE TABLE "auth_permission" ("id" integer NOT NULL PRIMARY KEY AUTOINCREMENT, "content_type_id" integer NOT NULL REFERENCES "django_content_type" ("id") DEFERRABLE INITIALLY DEFERRED, "codename" varchar(100) NOT NULL, "name" varchar(255) NOT NULL);
INSERT INTO "auth_permission" VALUES(1,1,'add_logentry','Can add log entry');
INSERT INTO "auth_permission" VALUES(2,1,'change_logentry','Can change log entry');
INSERT INTO "auth_permission" VALUES(3,1,'delete_logentry','Can delete log entry');
INSERT INTO "auth_permission" VALUES(4,1,'view_logentry','Can view log entry');
INSERT INTO "auth_permission" VALUES(5,2,'add_permission','Can add permission');
INSERT INTO "auth_permission" VALUES(6,2,'change_permission','Can change permission');
INSERT INTO "auth_permission" VALUES(7,2,'delete_permission','Can delete permission');
INSERT INTO "auth_permission" VALUES(8,2,'view_permission','Can view permission');
INSERT INTO "auth_permission" VALUES(9,3,'add_group','Can add group');
INSERT INTO "auth_permission" VALUES(10,3,'change_group','Can change group');
INSERT INTO "auth_permission" VALUES(11,3,'delete_group','Can delete group');
INSERT INTO "auth_permission" VALUES(12,3,'view_group','Can view group');
INSERT INTO "auth_permission" VALUES(13,4,'add_user','Can add user');
INSERT INTO "auth_permission" VALUES(14,4,'change_user','Can change user');
INSERT INTO "auth_permission" VALUES(15,4,'delete_user','Can delete user');
INSERT INTO "auth_permission" VALUES(16,4,'view_user','Can view user');
INSERT INTO "auth_permission" VALUES(17,5,'add_contenttype','Can add content type');
INSERT INTO "auth_permission" VALUES(18,5,'change_contenttype','Can change content type');
INSERT INTO "auth_permission" VALUES(19,5,'delete_contenttype','Can delete content type');
INSERT INTO "auth_permission" VALUES(20,5,'view_contenttype','Can view content type');
INSERT INTO "auth_permission" VALUES(21,6,'add_session','Can add session');
INSERT INTO "auth_permission" VALUES(22,6,'change_session','Can change session');
INSERT INTO "auth_permission" VALUES(23,6,'delete_session','Can delete session');
INSERT INTO "auth_permission" VALUES(24,6,'view_session','Can view session');
INSERT INTO "auth_permission" VALUES(25,7,'add_player','Can add player');
INSERT INTO "auth_permission" VALUES(26,7,'change_player','Can change player');
INSERT INTO "auth_permission" VALUES(27,7,'delete_player','Can delete player');
INSERT INTO "auth_permission" VALUES(28,7,'view_player','Can view player');
INSERT INTO "auth_permission" VALUES(29,8,'add_artifact','Can add artifact');
INSERT INTO "auth_permission" VALUES(30,8,'change_artifact','Can change artifact');
INSERT INTO "auth_permission" VALUES(31,8,'delete_artifact','Can delete artifact');
INSERT INTO "auth_permission" VALUES(32,8,'view_artifact','Can view artifact');
INSERT INTO "auth_permission" VALUES(33,9,'add_game','Can add game');
INSERT INTO "auth_permission" VALUES(34,9,'change_game','Can change game');
INSERT INTO "auth_permission" VALUES(35,9,'delete_game','Can delete game');
INSERT INTO "auth_permission" VALUES(36,9,'view_game','Can view game');
INSERT INTO "auth_permission" VALUES(37,10,'add_action','Can add action');
INSERT INTO "auth_permission" VALUES(38,10,'change_action','Can change action');
INSERT INTO "auth_permission" VALUES(39,10,'delete_action','Can delete action');
INSERT INTO "auth_permission" VALUES(40,10,'view_action','Can view action');
INSERT INTO "auth_permission" VALUES(41,11,'add_cell','Can add cell');
INSERT INTO "auth_permission" VALUES(42,11,'change_cell','Can change cell');
INSERT INTO "auth_permission" VALUES(43,11,'delete_cell','Can delete cell');
INSERT INTO "auth_permission" VALUES(44,11,'view_cell','Can view cell');
INSERT INTO "auth_permission" VALUES(45,12,'add_gamelog','Can add game log');
INSERT INTO "auth_permission" VALUES(46,12,'change_gamelog','Can change game log');
INSERT INTO "auth_permission" VALUES(47,12,'delete_gamelog','Can delete game log');
INSERT INTO "auth_permission" VALUES(48,12,'view_gamelog','Can view game log');
INSERT INTO "auth_permission" VALUES(49,13,'add_actionname','Can add action name');
INSERT INTO "auth_permission" VALUES(50,13,'change_actionname','Can change action name');
INSERT INTO "auth_permission" VALUES(51,13,'delete_actionname','Can delete action name');
INSERT INTO "auth_permission" VALUES(52,13,'view_actionname','Can view action name');
INSERT INTO "auth_permission" VALUES(53,14,'add_card','Can add card');
INSERT INTO "auth_permission" VALUES(54,14,'change_card','Can change card');
INSERT INTO "auth_permission" VALUES(55,14,'delete_card','Can delete card');
INSERT INTO "auth_permission" VALUES(56,14,'view_card','Can view card');
CREATE UNIQUE INDEX auth_group_permissions_group_id_permission_id_0cd325b0_uniq ON "auth_group_permissions" ("group_id", "permission_id");
CREATE INDEX IF NOT EXISTS "auth_group_permissions_group_id_b120cbf9" ON "auth_group_permissions" ("group_id");
CREATE INDEX IF NOT EXISTS "auth_group_permissions_permission_id_84c5c92e" ON "auth_group_permissions" ("permission_id");
CREATE UNIQUE INDEX auth_user_groups_user_id_group_id_94350c0c_uniq ON "auth_user_groups" ("user_id", "group_id");
CREATE INDEX IF NOT EXISTS "auth_user_groups_user_id_6a12ed8b" ON "auth_user_groups" ("user_id");
CREATE INDEX IF NOT EXISTS "auth_user_groups_group_id_97559544" ON "auth_user_groups" ("group_id");
CREATE UNIQUE INDEX auth_user_user_permissions_user_id_permission_id_14a6b632_uniq ON "auth_user_user_permissions" ("user_id", "permission_id");
CREATE INDEX IF NOT EXISTS "auth_user_user_permissions_user_id_a95ead1b" ON "auth_user_user_permissions" ("user_id");
CREATE INDEX IF NOT EXISTS "auth_user_user_permissions_permission_id_1fbb5f2c" ON "auth_user_user_permissions" ("permission_id");
CREATE INDEX IF NOT EXISTS "django_admin_log_content_type_id_c4bce8eb" ON "django_admin_log" ("content_type_id");
CREATE INDEX IF NOT EXISTS "django_admin_log_user_id_c564eba6" ON "django_admin_log" ("user_id");
CREATE UNIQUE INDEX django_content_type_app_label_model_76bd3d3b_uniq ON "django_content_type" ("app_label", "model");
CREATE UNIQUE INDEX auth_permission_content_type_id_codename_01ab375a_uniq ON "auth_permission" ("content_type_id", "codename");
CREATE INDEX IF NOT EXISTS "auth_permission_content_type_id_2f476e4b" ON "auth_permission" ("content_type_id");
CREATE INDEX IF NOT EXISTS "django_session_expire_date_a5c62663" ON "django_session" ("expire_date");
CREATE INDEX IF NOT EXISTS "game_gamelog_game_id_486a16ee" ON "game_gamelog" ("game_id");
CREATE INDEX IF NOT EXISTS "game_gamelog_player_id_1909b973" ON "game_gamelog" ("player_id");
CREATE INDEX IF NOT EXISTS "game_artifact_action_id_f3c10a86" ON "game_artifact" ("action_id");
CREATE INDEX IF NOT EXISTS "game_artifact_player_id_83d4fc6a" ON "game_artifact" ("player_id");
CREATE INDEX IF NOT EXISTS "game_action_name_id_b3829dfc" ON "game_action" ("name_id");
CREATE INDEX IF NOT EXISTS "game_game_winner_id_0454b392" ON "game_game" ("winner_id");
CREATE INDEX IF NOT EXISTS "game_card_action_id_a2f1778e" ON "game_card" ("action_id");
CREATE INDEX IF NOT EXISTS "game_cell_action_id_3dfc07cc" ON "game_cell" ("action_id");
CREATE INDEX IF NOT EXISTS "game_cell_game_id_2d836dfd" ON "game_cell" ("game_id");
CREATE INDEX IF NOT EXISTS "game_cell_artifact_id_03ae3da0" ON "game_cell" ("artifact_id");
CREATE INDEX IF NOT EXISTS "game_player_game_id_d1719ce1" ON "game_player" ("game_id");
CREATE TABLE "auth_user" ("id" integer NOT NULL PRIMARY KEY AUTOINCREMENT, "password" varchar(128) NOT NULL, "last_login" datetime NULL, "is_superuser" bool NOT NULL, "username" varchar(150) NOT NULL UNIQUE, "first_name" varchar(30) NOT NULL, "email" varchar(254) NOT NULL, "is_staff" bool NOT NULL, "is_active" bool NOT NULL, "date_joined" datetime NOT NULL, "last_name" varchar(150) NOT NULL);
INSERT INTO "auth_user" VALUES(1,'pbkdf2_sha256$120000$W1KNEJ67ArUs$wi9j6hiMAI0nOUMAer/ifs/rA39JH93gaQdiB9rRtTU=','2019-12-22 18:41:37.791409',1,'admin','','admin@gmail.com',1,1,'2019-12-21 20:13:40.388747','');
INSERT INTO "auth_user" VALUES(4,'pbkdf2_sha256$120000$nsiN0HpdfSYy$ySCKKbUJRLR4DF1emPghrfkptyd0MmE0ePJzb8eb1/0=','2019-12-22 21:24:40.524132',1,'root','','',1,1,'2019-12-22 03:18:06.205636','');
INSERT INTO "auth_user" VALUES(10,'pbkdf2_sha256$120000$TUEpflhhmPUC$jp98/muPpEPjBFlBiCFlvp/pgHl+FQvDsPh8GO2DjKI=','2019-12-22 19:28:32.618905',0,'kemal','','kemal@metu.edu.tr',0,1,'2019-12-22 10:56:27.375706','');
INSERT INTO "auth_user" VALUES(11,'pbkdf2_sha256$120000$lxyrUqz5h5Tb$QuDlIK6rNRuDD6Qym0AEDZaKmxywI3zKyFuz+bHLQXc=','2019-12-22 21:23:51.385752',0,'mustafa','','mustafa@metu.edu.tr',0,1,'2019-12-22 11:16:11.250063','');
CREATE UNIQUE INDEX auth_group_permissions_group_id_permission_id_0cd325b0_uniq ON "auth_group_permissions" ("group_id", "permission_id");
CREATE INDEX IF NOT EXISTS "auth_group_permissions_group_id_b120cbf9" ON "auth_group_permissions" ("group_id");
CREATE INDEX IF NOT EXISTS "auth_group_permissions_permission_id_84c5c92e" ON "auth_group_permissions" ("permission_id");
CREATE UNIQUE INDEX auth_user_groups_user_id_group_id_94350c0c_uniq ON "auth_user_groups" ("user_id", "group_id");
CREATE INDEX IF NOT EXISTS "auth_user_groups_user_id_6a12ed8b" ON "auth_user_groups" ("user_id");
CREATE INDEX IF NOT EXISTS "auth_user_groups_group_id_97559544" ON "auth_user_groups" ("group_id");
CREATE UNIQUE INDEX auth_user_user_permissions_user_id_permission_id_14a6b632_uniq ON "auth_user_user_permissions" ("user_id", "permission_id");
CREATE INDEX IF NOT EXISTS "auth_user_user_permissions_user_id_a95ead1b" ON "auth_user_user_permissions" ("user_id");
CREATE INDEX IF NOT EXISTS "auth_user_user_permissions_permission_id_1fbb5f2c" ON "auth_user_user_permissions" ("permission_id");
CREATE INDEX IF NOT EXISTS "django_admin_log_content_type_id_c4bce8eb" ON "django_admin_log" ("content_type_id");
CREATE INDEX IF NOT EXISTS "django_admin_log_user_id_c564eba6" ON "django_admin_log" ("user_id");
CREATE UNIQUE INDEX django_content_type_app_label_model_76bd3d3b_uniq ON "django_content_type" ("app_label", "model");
CREATE UNIQUE INDEX auth_permission_content_type_id_codename_01ab375a_uniq ON "auth_permission" ("content_type_id", "codename");
CREATE INDEX IF NOT EXISTS "auth_permission_content_type_id_2f476e4b" ON "auth_permission" ("content_type_id");
CREATE INDEX IF NOT EXISTS "django_session_expire_date_a5c62663" ON "django_session" ("expire_date");
CREATE INDEX IF NOT EXISTS "game_gamelog_game_id_486a16ee" ON "game_gamelog" ("game_id");
CREATE INDEX IF NOT EXISTS "game_gamelog_player_id_1909b973" ON "game_gamelog" ("player_id");
CREATE INDEX IF NOT EXISTS "game_artifact_action_id_f3c10a86" ON "game_artifact" ("action_id");
CREATE INDEX IF NOT EXISTS "game_artifact_player_id_83d4fc6a" ON "game_artifact" ("player_id");
CREATE INDEX IF NOT EXISTS "game_action_name_id_b3829dfc" ON "game_action" ("name_id");
CREATE INDEX IF NOT EXISTS "game_game_winner_id_0454b392" ON "game_game" ("winner_id");
CREATE INDEX IF NOT EXISTS "game_card_action_id_a2f1778e" ON "game_card" ("action_id");
CREATE INDEX IF NOT EXISTS "game_cell_action_id_3dfc07cc" ON "game_cell" ("action_id");
CREATE INDEX IF NOT EXISTS "game_cell_game_id_2d836dfd" ON "game_cell" ("game_id");
CREATE INDEX IF NOT EXISTS "game_cell_artifact_id_03ae3da0" ON "game_cell" ("artifact_id");
CREATE INDEX IF NOT EXISTS "game_player_game_id_d1719ce1" ON "game_player" ("game_id");
CREATE TABLE "auth_user_groups" ("id" integer NOT NULL PRIMARY KEY AUTOINCREMENT, "user_id" integer NOT NULL REFERENCES "auth_user" ("id") DEFERRABLE INITIALLY DEFERRED, "group_id" integer NOT NULL REFERENCES "auth_group" ("id") DEFERRABLE INITIALLY DEFERRED);
CREATE UNIQUE INDEX auth_group_permissions_group_id_permission_id_0cd325b0_uniq ON "auth_group_permissions" ("group_id", "permission_id");
CREATE INDEX IF NOT EXISTS "auth_group_permissions_group_id_b120cbf9" ON "auth_group_permissions" ("group_id");
CREATE INDEX IF NOT EXISTS "auth_group_permissions_permission_id_84c5c92e" ON "auth_group_permissions" ("permission_id");
CREATE UNIQUE INDEX auth_user_groups_user_id_group_id_94350c0c_uniq ON "auth_user_groups" ("user_id", "group_id");
CREATE INDEX IF NOT EXISTS "auth_user_groups_user_id_6a12ed8b" ON "auth_user_groups" ("user_id");
CREATE INDEX IF NOT EXISTS "auth_user_groups_group_id_97559544" ON "auth_user_groups" ("group_id");
CREATE UNIQUE INDEX auth_user_user_permissions_user_id_permission_id_14a6b632_uniq ON "auth_user_user_permissions" ("user_id", "permission_id");
CREATE INDEX IF NOT EXISTS "auth_user_user_permissions_user_id_a95ead1b" ON "auth_user_user_permissions" ("user_id");
CREATE INDEX IF NOT EXISTS "auth_user_user_permissions_permission_id_1fbb5f2c" ON "auth_user_user_permissions" ("permission_id");
CREATE INDEX IF NOT EXISTS "django_admin_log_content_type_id_c4bce8eb" ON "django_admin_log" ("content_type_id");
CREATE INDEX IF NOT EXISTS "django_admin_log_user_id_c564eba6" ON "django_admin_log" ("user_id");
CREATE UNIQUE INDEX django_content_type_app_label_model_76bd3d3b_uniq ON "django_content_type" ("app_label", "model");
CREATE UNIQUE INDEX auth_permission_content_type_id_codename_01ab375a_uniq ON "auth_permission" ("content_type_id", "codename");
CREATE INDEX IF NOT EXISTS "auth_permission_content_type_id_2f476e4b" ON "auth_permission" ("content_type_id");
CREATE INDEX IF NOT EXISTS "django_session_expire_date_a5c62663" ON "django_session" ("expire_date");
CREATE INDEX IF NOT EXISTS "game_gamelog_game_id_486a16ee" ON "game_gamelog" ("game_id");
CREATE INDEX IF NOT EXISTS "game_gamelog_player_id_1909b973" ON "game_gamelog" ("player_id");
CREATE INDEX IF NOT EXISTS "game_artifact_action_id_f3c10a86" ON "game_artifact" ("action_id");
CREATE INDEX IF NOT EXISTS "game_artifact_player_id_83d4fc6a" ON "game_artifact" ("player_id");
CREATE INDEX IF NOT EXISTS "game_action_name_id_b3829dfc" ON "game_action" ("name_id");
CREATE INDEX IF NOT EXISTS "game_game_winner_id_0454b392" ON "game_game" ("winner_id");
CREATE INDEX IF NOT EXISTS "game_card_action_id_a2f1778e" ON "game_card" ("action_id");
CREATE INDEX IF NOT EXISTS "game_cell_action_id_3dfc07cc" ON "game_cell" ("action_id");
CREATE INDEX IF NOT EXISTS "game_cell_game_id_2d836dfd" ON "game_cell" ("game_id");
CREATE INDEX IF NOT EXISTS "game_cell_artifact_id_03ae3da0" ON "game_cell" ("artifact_id");
CREATE INDEX IF NOT EXISTS "game_player_game_id_d1719ce1" ON "game_player" ("game_id");
CREATE TABLE "auth_user_user_permissions" ("id" integer NOT NULL PRIMARY KEY AUTOINCREMENT, "user_id" integer NOT NULL REFERENCES "auth_user" ("id") DEFERRABLE INITIALLY DEFERRED, "permission_id" integer NOT NULL REFERENCES "auth_permission" ("id") DEFERRABLE INITIALLY DEFERRED);
CREATE UNIQUE INDEX auth_group_permissions_group_id_permission_id_0cd325b0_uniq ON "auth_group_permissions" ("group_id", "permission_id");
CREATE INDEX IF NOT EXISTS "auth_group_permissions_group_id_b120cbf9" ON "auth_group_permissions" ("group_id");
CREATE INDEX IF NOT EXISTS "auth_group_permissions_permission_id_84c5c92e" ON "auth_group_permissions" ("permission_id");
CREATE UNIQUE INDEX auth_user_groups_user_id_group_id_94350c0c_uniq ON "auth_user_groups" ("user_id", "group_id");
CREATE INDEX IF NOT EXISTS "auth_user_groups_user_id_6a12ed8b" ON "auth_user_groups" ("user_id");
CREATE INDEX IF NOT EXISTS "auth_user_groups_group_id_97559544" ON "auth_user_groups" ("group_id");
CREATE UNIQUE INDEX auth_user_user_permissions_user_id_permission_id_14a6b632_uniq ON "auth_user_user_permissions" ("user_id", "permission_id");
CREATE INDEX IF NOT EXISTS "auth_user_user_permissions_user_id_a95ead1b" ON "auth_user_user_permissions" ("user_id");
CREATE INDEX IF NOT EXISTS "auth_user_user_permissions_permission_id_1fbb5f2c" ON "auth_user_user_permissions" ("permission_id");
CREATE INDEX IF NOT EXISTS "django_admin_log_content_type_id_c4bce8eb" ON "django_admin_log" ("content_type_id");
CREATE INDEX IF NOT EXISTS "django_admin_log_user_id_c564eba6" ON "django_admin_log" ("user_id");
CREATE UNIQUE INDEX django_content_type_app_label_model_76bd3d3b_uniq ON "django_content_type" ("app_label", "model");
CREATE UNIQUE INDEX auth_permission_content_type_id_codename_01ab375a_uniq ON "auth_permission" ("content_type_id", "codename");
CREATE INDEX IF NOT EXISTS "auth_permission_content_type_id_2f476e4b" ON "auth_permission" ("content_type_id");
CREATE INDEX IF NOT EXISTS "django_session_expire_date_a5c62663" ON "django_session" ("expire_date");
CREATE INDEX IF NOT EXISTS "game_gamelog_game_id_486a16ee" ON "game_gamelog" ("game_id");
CREATE INDEX IF NOT EXISTS "game_gamelog_player_id_1909b973" ON "game_gamelog" ("player_id");
CREATE INDEX IF NOT EXISTS "game_artifact_action_id_f3c10a86" ON "game_artifact" ("action_id");
CREATE INDEX IF NOT EXISTS "game_artifact_player_id_83d4fc6a" ON "game_artifact" ("player_id");
CREATE INDEX IF NOT EXISTS "game_action_name_id_b3829dfc" ON "game_action" ("name_id");
CREATE INDEX IF NOT EXISTS "game_game_winner_id_0454b392" ON "game_game" ("winner_id");
CREATE INDEX IF NOT EXISTS "game_card_action_id_a2f1778e" ON "game_card" ("action_id");
CREATE INDEX IF NOT EXISTS "game_cell_action_id_3dfc07cc" ON "game_cell" ("action_id");
CREATE INDEX IF NOT EXISTS "game_cell_game_id_2d836dfd" ON "game_cell" ("game_id");
CREATE INDEX IF NOT EXISTS "game_cell_artifact_id_03ae3da0" ON "game_cell" ("artifact_id");
CREATE INDEX IF NOT EXISTS "game_player_game_id_d1719ce1" ON "game_player" ("game_id");
CREATE TABLE "django_admin_log" ("id" integer NOT NULL PRIMARY KEY AUTOINCREMENT, "action_time" datetime NOT NULL, "object_id" text NULL, "object_repr" varchar(200) NOT NULL, "change_message" text NOT NULL, "content_type_id" integer NULL REFERENCES "django_content_type" ("id") DEFERRABLE INITIALLY DEFERRED, "user_id" integer NOT NULL REFERENCES "auth_user" ("id") DEFERRABLE INITIALLY DEFERRED, "action_flag" smallint unsigned NOT NULL);
INSERT INTO "django_admin_log" VALUES(1,'2019-12-22 03:49:24.051075','1','Game id: 1, Game name: firstGame','[{"added": {}}]',9,4,1);
INSERT INTO "django_admin_log" VALUES(2,'2019-12-22 05:22:20.044344','1','Game id: 1, Game name: firstGame','[{"changed": {"fields": ["is_cycle_enabled", "cycle_value"]}}]',9,4,2);
INSERT INTO "django_admin_log" VALUES(3,'2019-12-22 05:29:20.876097','1','Game id: 1, Game name: firstGame','[{"changed": {"fields": ["termination_condition", "termination_value"]}}]',9,4,2);
INSERT INTO "django_admin_log" VALUES(4,'2019-12-22 05:42:48.974279','1','Action object (1)','[{"added": {}}]',10,4,1);
INSERT INTO "django_admin_log" VALUES(5,'2019-12-22 05:54:22.870936','1','ActionName object (1)','[{"added": {}}]',13,4,1);
INSERT INTO "django_admin_log" VALUES(6,'2019-12-22 05:54:29.432271','2','ActionName object (2)','[{"added": {}}]',13,4,1);
INSERT INTO "django_admin_log" VALUES(7,'2019-12-22 05:54:41.756670','3','ActionName object (3)','[{"added": {}}]',13,4,1);
INSERT INTO "django_admin_log" VALUES(8,'2019-12-22 05:54:47.470096','4','ActionName object (4)','[{"added": {}}]',13,4,1);
INSERT INTO "django_admin_log" VALUES(9,'2019-12-22 05:54:52.917651','5','ActionName object (5)','[{"added": {}}]',13,4,1);
INSERT INTO "django_admin_log" VALUES(10,'2019-12-22 05:54:57.783626','6','ActionName object (6)','[{"added": {}}]',13,4,1);
INSERT INTO "django_admin_log" VALUES(11,'2019-12-22 05:56:39.963417','1','Action object (1)','[{"changed": {"fields": ["name"]}}]',10,4,2);
INSERT INTO "django_admin_log" VALUES(12,'2019-12-22 05:56:59.538269','2','Action object (2)','[{"added": {}}]',10,4,1);
INSERT INTO "django_admin_log" VALUES(13,'2019-12-22 06:09:38.760762','3','Action : jumA, with value : 0','[{"added": {}}]',10,4,1);
INSERT INTO "django_admin_log" VALUES(14,'2019-12-22 06:09:52.451594','4','Action : pay, with value : 0','[{"added": {}}]',10,4,1);
INSERT INTO "django_admin_log" VALUES(15,'2019-12-22 06:11:36.528713','1','Artifact object (1)','[{"added": {}}]',8,4,1);
INSERT INTO "django_admin_log" VALUES(16,'2019-12-22 06:12:32.139870','2','Artifact object (2)','[{"added": {}}]',8,4,1);
INSERT INTO "django_admin_log" VALUES(17,'2019-12-22 08:30:01.462507','5','Action: jumA, with value : 0','[{"added": {}}]',10,1,1);
INSERT INTO "django_admin_log" VALUES(18,'2019-12-22 09:03:44.184019','1','Player object (1)','[{"added": {}}]',7,1,1);
INSERT INTO "django_admin_log" VALUES(19,'2019-12-22 09:04:13.844638','2','Player object (2)','[{"added": {}}]',7,1,1);
INSERT INTO "django_admin_log" VALUES(20,'2019-12-22 09:04:43.026154','1','LOG of Game id: 1, Game name: firstGame','[{"added": {}}]',12,1,1);
INSERT INTO "django_admin_log" VALUES(21,'2019-12-22 09:05:46.303027','1','Cell object (1)','[{"added": {}}]',11,1,1);
INSERT INTO "django_admin_log" VALUES(22,'2019-12-22 09:06:27.333378','2','Cell object (2)','[{"added": {}}]',11,1,1);
INSERT INTO "django_admin_log" VALUES(23,'2019-12-22 09:07:39.809718','3','Cell object (3)','[{"added": {}}]',11,1,1);
INSERT INTO "django_admin_log" VALUES(24,'2019-12-22 09:51:16.241405','3','Cell object (3)','',11,1,3);
INSERT INTO "django_admin_log" VALUES(25,'2019-12-22 09:51:16.251588','2','Cell object (2)','',11,1,3);
INSERT INTO "django_admin_log" VALUES(26,'2019-12-22 09:51:16.257290','1','Cell object (1)','',11,1,3);
INSERT INTO "django_admin_log" VALUES(27,'2019-12-22 09:51:27.377810','2','Artifact: ilker adelesi, with price: 100 not owned, and has Action: jumA, with value : 0','',8,1,3);
INSERT INTO "django_admin_log" VALUES(28,'2019-12-22 09:51:27.385623','1','Artifact: onur, with price: 20 not owned, and has Action: jumpR, with value : 3','',8,1,3);
INSERT INTO "django_admin_log" VALUES(29,'2019-12-22 09:51:52.413830','5','Action: jumA, with value : 0','',10,1,3);
INSERT INTO "django_admin_log" VALUES(30,'2019-12-22 09:51:52.421733','4','Action: pay, with value : 0','',10,1,3);
INSERT INTO "django_admin_log" VALUES(31,'2019-12-22 09:51:52.423554','3','Action: jumA, with value : 0','',10,1,3);
INSERT INTO "django_admin_log" VALUES(32,'2019-12-22 09:51:52.425394','2','Action: jumpR, with value : -3','',10,1,3);
INSERT INTO "django_admin_log" VALUES(33,'2019-12-22 09:51:52.427982','1','Action: jumpR, with value : 3','',10,1,3);
INSERT INTO "django_admin_log" VALUES(34,'2019-12-22 10:01:13.566070','1','Game id: 1, Game name: firstGame','[{"changed": {"fields": ["game_status"]}}]',9,1,2);
INSERT INTO "django_admin_log" VALUES(35,'2019-12-22 10:45:15.062713','3','Player object (3)','',7,1,3);
INSERT INTO "django_admin_log" VALUES(36,'2019-12-22 10:45:15.071821','2','Player object (2)','',7,1,3);
INSERT INTO "django_admin_log" VALUES(37,'2019-12-22 10:45:15.074403','1','Player object (1)','',7,1,3);
INSERT INTO "django_admin_log" VALUES(38,'2019-12-22 10:47:37.746641','1','LOG of Game id: 1, Game name: firstGame','[{"changed": {"fields": ["player"]}}]',12,1,2);
INSERT INTO "django_admin_log" VALUES(39,'2019-12-22 10:51:05.274839','8','asasfasasf','',4,1,3);
INSERT INTO "django_admin_log" VALUES(40,'2019-12-22 10:51:05.277296','5','e2171262','',4,1,3);
INSERT INTO "django_admin_log" VALUES(41,'2019-12-22 10:51:05.279721','6','e2171262233','',4,1,3);
INSERT INTO "django_admin_log" VALUES(42,'2019-12-22 10:51:05.281558','7','ilkkker','',4,1,3);
INSERT INTO "django_admin_log" VALUES(43,'2019-12-22 10:51:05.283388','3','onur','',4,1,3);
INSERT INTO "django_admin_log" VALUES(44,'2019-12-22 10:51:05.285078','2','user','',4,1,3);
INSERT INTO "django_admin_log" VALUES(45,'2019-12-22 10:53:49.864351','9','e217126','',4,4,3);
INSERT INTO "django_admin_log" VALUES(46,'2019-12-22 11:49:19.109991','1','Action: jumA, with value : 0','[{"added": {}}]',10,4,1);
INSERT INTO "django_admin_log" VALUES(47,'2019-12-22 11:49:30.306361','2','Action: jumpR, with value : 3','[{"added": {}}]',10,4,1);
INSERT INTO "django_admin_log" VALUES(48,'2019-12-22 11:49:36.538360','3','Action: jumpR, with value : -3','[{"added": {}}]',10,4,1);
INSERT INTO "django_admin_log" VALUES(49,'2019-12-22 11:49:51.015779','4','Action: add, with value : 30','[{"added": {}}]',10,4,1);
INSERT INTO "django_admin_log" VALUES(50,'2019-12-22 11:50:13.008385','5','Action: skip, with value : 2','[{"added": {}}]',10,4,1);
INSERT INTO "django_admin_log" VALUES(51,'2019-12-22 11:50:35.804453','1','The card 1 has the Action: jumA, with value : 0','[{"added": {}}]',14,4,1);
INSERT INTO "django_admin_log" VALUES(52,'2019-12-22 11:50:43.261210','2','The card 2 has the Action: add, with value : 30','[{"added": {}}]',14,4,1);
INSERT INTO "django_admin_log" VALUES(53,'2019-12-22 11:50:50.591496','3','The card 3 has the Action: skip, with value : 2','[{"added": {}}]',14,4,1);
INSERT INTO "django_admin_log" VALUES(54,'2019-12-22 11:50:59.254105','4','The card 4 has the Action: add, with value : 30','[{"added": {}}]',14,4,1);
INSERT INTO "django_admin_log" VALUES(55,'2019-12-22 11:51:14.407752','5','The card 5 has the Action: jumpR, with value : 3','[{"added": {}}]',14,4,1);
INSERT INTO "django_admin_log" VALUES(56,'2019-12-22 11:51:22.794477','6','The card 6 has the Action: jumpR, with value : -3','[{"added": {}}]',14,4,1);
INSERT INTO "django_admin_log" VALUES(57,'2019-12-22 10:38:49.649676','3','Artifact: firstArtifact, with price: 6 not owned, and has Action: jumpR, with value : 3','[{"added": {}}]',8,1,1);
INSERT INTO "django_admin_log" VALUES(58,'2019-12-22 10:39:06.208076','4','Artifact: secondArtifact, with price: 2 not owned, and has Action: skip, with value : 2','[{"added": {}}]',8,1,1);
INSERT INTO "django_admin_log" VALUES(59,'2019-12-22 12:38:58.868578','1','firstCell 0','[{"added": {}}]',11,1,1);
INSERT INTO "django_admin_log" VALUES(60,'2019-12-22 12:39:13.052274','2','secondCell 1','[{"added": {}}]',11,1,1);
INSERT INTO "django_admin_log" VALUES(61,'2019-12-22 17:08:27.465966','2','Player object (2)','[{"changed": {"fields": ["game"]}}]',7,4,2);
INSERT INTO "django_admin_log" VALUES(62,'2019-12-22 17:09:55.219846','2','kemal','[]',7,4,2);
INSERT INTO "django_admin_log" VALUES(63,'2019-12-22 17:14:00.547432','2','Game id: 2, Game name: second_game','[{"added": {}}]',9,4,1);
INSERT INTO "django_admin_log" VALUES(64,'2019-12-22 17:15:08.463947','2','Game id: 2, Game name: second_game','[{"changed": {"fields": ["current_player_id"]}}]',9,4,2);
INSERT INTO "django_admin_log" VALUES(65,'2019-12-22 17:18:18.363047','2','kemal','[]',7,4,2);
INSERT INTO "django_admin_log" VALUES(66,'2019-12-22 17:18:34.236552','4','root','[{"added": {}}]',7,4,1);
INSERT INTO "django_admin_log" VALUES(67,'2019-12-22 17:34:14.180130','1','Game id: 1, Game name: firstGame','[{"changed": {"fields": ["current_player_id"]}}]',9,4,2);
INSERT INTO "django_admin_log" VALUES(68,'2019-12-22 17:49:08.399535','3','mustafa','[{"changed": {"fields": ["game"]}}]',7,4,2);
INSERT INTO "django_admin_log" VALUES(69,'2019-12-22 18:06:14.970354','1','Game id: 1, Game name: firstGame','[{"changed": {"fields": ["current_player_id"]}}]',9,4,2);
CREATE UNIQUE INDEX auth_group_permissions_group_id_permission_id_0cd325b0_uniq ON "auth_group_permissions" ("group_id", "permission_id");
CREATE INDEX IF NOT EXISTS "auth_group_permissions_group_id_b120cbf9" ON "auth_group_permissions" ("group_id");
CREATE INDEX IF NOT EXISTS "auth_group_permissions_permission_id_84c5c92e" ON "auth_group_permissions" ("permission_id");
CREATE UNIQUE INDEX auth_user_groups_user_id_group_id_94350c0c_uniq ON "auth_user_groups" ("user_id", "group_id");
CREATE INDEX IF NOT EXISTS "auth_user_groups_user_id_6a12ed8b" ON "auth_user_groups" ("user_id");
CREATE INDEX IF NOT EXISTS "auth_user_groups_group_id_97559544" ON "auth_user_groups" ("group_id");
CREATE UNIQUE INDEX auth_user_user_permissions_user_id_permission_id_14a6b632_uniq ON "auth_user_user_permissions" ("user_id", "permission_id");
CREATE INDEX IF NOT EXISTS "auth_user_user_permissions_user_id_a95ead1b" ON "auth_user_user_permissions" ("user_id");
CREATE INDEX IF NOT EXISTS "auth_user_user_permissions_permission_id_1fbb5f2c" ON "auth_user_user_permissions" ("permission_id");
CREATE INDEX IF NOT EXISTS "django_admin_log_content_type_id_c4bce8eb" ON "django_admin_log" ("content_type_id");
CREATE INDEX IF NOT EXISTS "django_admin_log_user_id_c564eba6" ON "django_admin_log" ("user_id");
CREATE UNIQUE INDEX django_content_type_app_label_model_76bd3d3b_uniq ON "django_content_type" ("app_label", "model");
CREATE UNIQUE INDEX auth_permission_content_type_id_codename_01ab375a_uniq ON "auth_permission" ("content_type_id", "codename");
CREATE INDEX IF NOT EXISTS "auth_permission_content_type_id_2f476e4b" ON "auth_permission" ("content_type_id");
CREATE INDEX IF NOT EXISTS "django_session_expire_date_a5c62663" ON "django_session" ("expire_date");
CREATE INDEX IF NOT EXISTS "game_gamelog_game_id_486a16ee" ON "game_gamelog" ("game_id");
CREATE INDEX IF NOT EXISTS "game_gamelog_player_id_1909b973" ON "game_gamelog" ("player_id");
CREATE INDEX IF NOT EXISTS "game_artifact_action_id_f3c10a86" ON "game_artifact" ("action_id");
CREATE INDEX IF NOT EXISTS "game_artifact_player_id_83d4fc6a" ON "game_artifact" ("player_id");
CREATE INDEX IF NOT EXISTS "game_action_name_id_b3829dfc" ON "game_action" ("name_id");
CREATE INDEX IF NOT EXISTS "game_game_winner_id_0454b392" ON "game_game" ("winner_id");
CREATE INDEX IF NOT EXISTS "game_card_action_id_a2f1778e" ON "game_card" ("action_id");
CREATE INDEX IF NOT EXISTS "game_cell_action_id_3dfc07cc" ON "game_cell" ("action_id");
CREATE INDEX IF NOT EXISTS "game_cell_game_id_2d836dfd" ON "game_cell" ("game_id");
CREATE INDEX IF NOT EXISTS "game_cell_artifact_id_03ae3da0" ON "game_cell" ("artifact_id");
CREATE INDEX IF NOT EXISTS "game_player_game_id_d1719ce1" ON "game_player" ("game_id");
CREATE TABLE "django_content_type" ("id" integer NOT NULL PRIMARY KEY AUTOINCREMENT, "app_label" varchar(100) NOT NULL, "model" varchar(100) NOT NULL);
INSERT INTO "django_content_type" VALUES(1,'admin','logentry');
INSERT INTO "django_content_type" VALUES(2,'auth','permission');
INSERT INTO "django_content_type" VALUES(3,'auth','group');
INSERT INTO "django_content_type" VALUES(4,'auth','user');
INSERT INTO "django_content_type" VALUES(5,'contenttypes','contenttype');
INSERT INTO "django_content_type" VALUES(6,'sessions','session');
INSERT INTO "django_content_type" VALUES(7,'game','player');
INSERT INTO "django_content_type" VALUES(8,'game','artifact');
INSERT INTO "django_content_type" VALUES(9,'game','game');
INSERT INTO "django_content_type" VALUES(10,'game','action');
INSERT INTO "django_content_type" VALUES(11,'game','cell');
INSERT INTO "django_content_type" VALUES(12,'game','gamelog');
INSERT INTO "django_content_type" VALUES(13,'game','actionname');
INSERT INTO "django_content_type" VALUES(14,'game','card');
CREATE UNIQUE INDEX auth_group_permissions_group_id_permission_id_0cd325b0_uniq ON "auth_group_permissions" ("group_id", "permission_id");
CREATE INDEX IF NOT EXISTS "auth_group_permissions_group_id_b120cbf9" ON "auth_group_permissions" ("group_id");
CREATE INDEX IF NOT EXISTS "auth_group_permissions_permission_id_84c5c92e" ON "auth_group_permissions" ("permission_id");
CREATE UNIQUE INDEX auth_user_groups_user_id_group_id_94350c0c_uniq ON "auth_user_groups" ("user_id", "group_id");
CREATE INDEX IF NOT EXISTS "auth_user_groups_user_id_6a12ed8b" ON "auth_user_groups" ("user_id");
CREATE INDEX IF NOT EXISTS "auth_user_groups_group_id_97559544" ON "auth_user_groups" ("group_id");
CREATE UNIQUE INDEX auth_user_user_permissions_user_id_permission_id_14a6b632_uniq ON "auth_user_user_permissions" ("user_id", "permission_id");
CREATE INDEX IF NOT EXISTS "auth_user_user_permissions_user_id_a95ead1b" ON "auth_user_user_permissions" ("user_id");
CREATE INDEX IF NOT EXISTS "auth_user_user_permissions_permission_id_1fbb5f2c" ON "auth_user_user_permissions" ("permission_id");
CREATE INDEX IF NOT EXISTS "django_admin_log_content_type_id_c4bce8eb" ON "django_admin_log" ("content_type_id");
CREATE INDEX IF NOT EXISTS "django_admin_log_user_id_c564eba6" ON "django_admin_log" ("user_id");
CREATE UNIQUE INDEX django_content_type_app_label_model_76bd3d3b_uniq ON "django_content_type" ("app_label", "model");
CREATE UNIQUE INDEX auth_permission_content_type_id_codename_01ab375a_uniq ON "auth_permission" ("content_type_id", "codename");
CREATE INDEX IF NOT EXISTS "auth_permission_content_type_id_2f476e4b" ON "auth_permission" ("content_type_id");
CREATE INDEX IF NOT EXISTS "django_session_expire_date_a5c62663" ON "django_session" ("expire_date");
CREATE INDEX IF NOT EXISTS "game_gamelog_game_id_486a16ee" ON "game_gamelog" ("game_id");
CREATE INDEX IF NOT EXISTS "game_gamelog_player_id_1909b973" ON "game_gamelog" ("player_id");
CREATE INDEX IF NOT EXISTS "game_artifact_action_id_f3c10a86" ON "game_artifact" ("action_id");
CREATE INDEX IF NOT EXISTS "game_artifact_player_id_83d4fc6a" ON "game_artifact" ("player_id");
CREATE INDEX IF NOT EXISTS "game_action_name_id_b3829dfc" ON "game_action" ("name_id");
CREATE INDEX IF NOT EXISTS "game_game_winner_id_0454b392" ON "game_game" ("winner_id");
CREATE INDEX IF NOT EXISTS "game_card_action_id_a2f1778e" ON "game_card" ("action_id");
CREATE INDEX IF NOT EXISTS "game_cell_action_id_3dfc07cc" ON "game_cell" ("action_id");
CREATE INDEX IF NOT EXISTS "game_cell_game_id_2d836dfd" ON "game_cell" ("game_id");
CREATE INDEX IF NOT EXISTS "game_cell_artifact_id_03ae3da0" ON "game_cell" ("artifact_id");
CREATE INDEX IF NOT EXISTS "game_player_game_id_d1719ce1" ON "game_player" ("game_id");
CREATE TABLE "django_migrations" ("id" integer NOT NULL PRIMARY KEY AUTOINCREMENT, "app" varchar(255) NOT NULL, "name" varchar(255) NOT NULL, "applied" datetime NOT NULL);
INSERT INTO "django_migrations" VALUES(1,'contenttypes','0001_initial','2019-12-21 20:13:05.432652');
INSERT INTO "django_migrations" VALUES(2,'auth','0001_initial','2019-12-21 20:13:05.464057');
INSERT INTO "django_migrations" VALUES(3,'admin','0001_initial','2019-12-21 20:13:05.490040');
INSERT INTO "django_migrations" VALUES(4,'admin','0002_logentry_remove_auto_add','2019-12-21 20:13:05.515506');
INSERT INTO "django_migrations" VALUES(5,'admin','0003_logentry_add_action_flag_choices','2019-12-21 20:13:05.541174');
INSERT INTO "django_migrations" VALUES(6,'contenttypes','0002_remove_content_type_name','2019-12-21 20:13:05.589320');
INSERT INTO "django_migrations" VALUES(7,'auth','0002_alter_permission_name_max_length','2019-12-21 20:13:05.612177');
INSERT INTO "django_migrations" VALUES(8,'auth','0003_alter_user_email_max_length','2019-12-21 20:13:05.653860');
INSERT INTO "django_migrations" VALUES(9,'auth','0004_alter_user_username_opts','2019-12-21 20:13:05.676124');
INSERT INTO "django_migrations" VALUES(10,'auth','0005_alter_user_last_login_null','2019-12-21 20:13:05.703033');
INSERT INTO "django_migrations" VALUES(11,'auth','0006_require_contenttypes_0002','2019-12-21 20:13:05.711095');
INSERT INTO "django_migrations" VALUES(12,'auth','0007_alter_validators_add_error_messages','2019-12-21 20:13:05.735051');
INSERT INTO "django_migrations" VALUES(13,'auth','0008_alter_user_username_max_length','2019-12-21 20:13:05.756613');
INSERT INTO "django_migrations" VALUES(14,'auth','0009_alter_user_last_name_max_length','2019-12-21 20:13:05.781257');
INSERT INTO "django_migrations" VALUES(15,'sessions','0001_initial','2019-12-21 20:13:05.799485');
INSERT INTO "django_migrations" VALUES(16,'game','0001_initial','2019-12-22 03:17:10.693279');
INSERT INTO "django_migrations" VALUES(17,'game','0002_auto_20191222_0520','2019-12-22 05:20:24.042857');
INSERT INTO "django_migrations" VALUES(18,'game','0003_auto_20191222_0521','2019-12-22 05:21:23.497809');
INSERT INTO "django_migrations" VALUES(19,'game','0004_game_ready_player_count','2019-12-22 05:35:14.033462');
INSERT INTO "django_migrations" VALUES(20,'game','0005_auto_20191222_0537','2019-12-22 05:37:10.849360');
INSERT INTO "django_migrations" VALUES(21,'game','0006_auto_20191222_0542','2019-12-22 05:42:45.253942');
INSERT INTO "django_migrations" VALUES(22,'game','0007_auto_20191222_0548','2019-12-22 05:48:48.203229');
INSERT INTO "django_migrations" VALUES(23,'game','0008_artifact_player','2019-12-22 06:49:56.831946');
INSERT INTO "django_migrations" VALUES(24,'game','0009_auto_20191222_0937','2019-12-22 09:52:02.219720');
INSERT INTO "django_migrations" VALUES(25,'game','0010_auto_20191222_0938','2019-12-22 09:52:02.227027');
INSERT INTO "django_migrations" VALUES(26,'game','0011_auto_20191222_0939','2019-12-22 09:52:02.236206');
INSERT INTO "django_migrations" VALUES(27,'game','0012_auto_20191222_0941','2019-12-22 09:52:02.244453');
INSERT INTO "django_migrations" VALUES(28,'game','0013_auto_20191222_0944','2019-12-22 09:52:02.252095');
INSERT INTO "django_migrations" VALUES(29,'game','0014_auto_20191222_0952','2019-12-22 09:52:02.269820');
INSERT INTO "django_migrations" VALUES(30,'game','0009_auto_20191222_0956','2019-12-22 09:56:50.840808');
INSERT INTO "django_migrations" VALUES(31,'game','0010_auto_20191222_1030','2019-12-22 10:30:41.432933');
INSERT INTO "django_migrations" VALUES(32,'game','0011_auto_20191222_1045','2019-12-22 10:45:37.473658');
INSERT INTO "django_migrations" VALUES(33,'game','0012_card','2019-12-22 11:45:19.692496');
INSERT INTO "django_migrations" VALUES(34,'game','0013_auto_20191222_1237','2019-12-22 12:37:33.543636');
INSERT INTO "django_migrations" VALUES(35,'game','0014_player_is_ready','2019-12-22 19:11:16.240875');
INSERT INTO "django_migrations" VALUES(36,'game','0015_player_next_available_move','2019-12-22 19:37:12.954622');
INSERT INTO "django_migrations" VALUES(37,'game','0016_player_artifact_count','2019-12-22 21:22:35.104528');
CREATE UNIQUE INDEX auth_group_permissions_group_id_permission_id_0cd325b0_uniq ON "auth_group_permissions" ("group_id", "permission_id");
CREATE INDEX IF NOT EXISTS "auth_group_permissions_group_id_b120cbf9" ON "auth_group_permissions" ("group_id");
CREATE INDEX IF NOT EXISTS "auth_group_permissions_permission_id_84c5c92e" ON "auth_group_permissions" ("permission_id");
CREATE UNIQUE INDEX auth_user_groups_user_id_group_id_94350c0c_uniq ON "auth_user_groups" ("user_id", "group_id");
CREATE INDEX IF NOT EXISTS "auth_user_groups_user_id_6a12ed8b" ON "auth_user_groups" ("user_id");
CREATE INDEX IF NOT EXISTS "auth_user_groups_group_id_97559544" ON "auth_user_groups" ("group_id");
CREATE UNIQUE INDEX auth_user_user_permissions_user_id_permission_id_14a6b632_uniq ON "auth_user_user_permissions" ("user_id", "permission_id");
CREATE INDEX IF NOT EXISTS "auth_user_user_permissions_user_id_a95ead1b" ON "auth_user_user_permissions" ("user_id");
CREATE INDEX IF NOT EXISTS "auth_user_user_permissions_permission_id_1fbb5f2c" ON "auth_user_user_permissions" ("permission_id");
CREATE INDEX IF NOT EXISTS "django_admin_log_content_type_id_c4bce8eb" ON "django_admin_log" ("content_type_id");
CREATE INDEX IF NOT EXISTS "django_admin_log_user_id_c564eba6" ON "django_admin_log" ("user_id");
CREATE UNIQUE INDEX django_content_type_app_label_model_76bd3d3b_uniq ON "django_content_type" ("app_label", "model");
CREATE UNIQUE INDEX auth_permission_content_type_id_codename_01ab375a_uniq ON "auth_permission" ("content_type_id", "codename");
CREATE INDEX IF NOT EXISTS "auth_permission_content_type_id_2f476e4b" ON "auth_permission" ("content_type_id");
CREATE INDEX IF NOT EXISTS "django_session_expire_date_a5c62663" ON "django_session" ("expire_date");
CREATE INDEX IF NOT EXISTS "game_gamelog_game_id_486a16ee" ON "game_gamelog" ("game_id");
CREATE INDEX IF NOT EXISTS "game_gamelog_player_id_1909b973" ON "game_gamelog" ("player_id");
CREATE INDEX IF NOT EXISTS "game_artifact_action_id_f3c10a86" ON "game_artifact" ("action_id");
CREATE INDEX IF NOT EXISTS "game_artifact_player_id_83d4fc6a" ON "game_artifact" ("player_id");
CREATE INDEX IF NOT EXISTS "game_action_name_id_b3829dfc" ON "game_action" ("name_id");
CREATE INDEX IF NOT EXISTS "game_game_winner_id_0454b392" ON "game_game" ("winner_id");
CREATE INDEX IF NOT EXISTS "game_card_action_id_a2f1778e" ON "game_card" ("action_id");
CREATE INDEX IF NOT EXISTS "game_cell_action_id_3dfc07cc" ON "game_cell" ("action_id");
CREATE INDEX IF NOT EXISTS "game_cell_game_id_2d836dfd" ON "game_cell" ("game_id");
CREATE INDEX IF NOT EXISTS "game_cell_artifact_id_03ae3da0" ON "game_cell" ("artifact_id");
CREATE INDEX IF NOT EXISTS "game_player_game_id_d1719ce1" ON "game_player" ("game_id");
CREATE TABLE "django_session" ("session_key" varchar(40) NOT NULL PRIMARY KEY, "session_data" text NOT NULL, "expire_date" datetime NOT NULL);
INSERT INTO "django_session" VALUES('qf7pa6b9h0zrkt1g8fxs24rnip3x6hz7','ODM0NGFiYjZhN2I4ZWNmOThhZTgxNWEzYjczMThmMmVhMDZkMGZhNjp7Il9hdXRoX3VzZXJfaWQiOiIxMCIsIl9hdXRoX3VzZXJfYmFja2VuZCI6ImRqYW5nby5jb250cmliLmF1dGguYmFja2VuZHMuTW9kZWxCYWNrZW5kIiwiX2F1dGhfdXNlcl9oYXNoIjoiYTkxMjE4NWExMTRmNDYzZTYwYzI4MzQ3OTAxM2QzMjk0ZDRlN2NlYSJ9','2020-01-05 12:44:18.736182');
INSERT INTO "django_session" VALUES('175n66xp64ecaoi1bdcawqb91ao7ks20','MjUwZDVhOGEzY2FiYTVlZGYxYmFkYWYyMmY2ZGM4M2U0ZmRkNDVkNDp7Il9hdXRoX3VzZXJfaWQiOiI0IiwiX2F1dGhfdXNlcl9iYWNrZW5kIjoiZGphbmdvLmNvbnRyaWIuYXV0aC5iYWNrZW5kcy5Nb2RlbEJhY2tlbmQiLCJfYXV0aF91c2VyX2hhc2giOiJhM2I5MjFlYjNlYjE3MjZhODM2ZjM2ZWJiMmY5NDhiZDM3Mjg2ODEyIn0=','2020-01-05 21:24:40.527059');
CREATE UNIQUE INDEX auth_group_permissions_group_id_permission_id_0cd325b0_uniq ON "auth_group_permissions" ("group_id", "permission_id");
CREATE INDEX IF NOT EXISTS "auth_group_permissions_group_id_b120cbf9" ON "auth_group_permissions" ("group_id");
CREATE INDEX IF NOT EXISTS "auth_group_permissions_permission_id_84c5c92e" ON "auth_group_permissions" ("permission_id");
CREATE UNIQUE INDEX auth_user_groups_user_id_group_id_94350c0c_uniq ON "auth_user_groups" ("user_id", "group_id");
CREATE INDEX IF NOT EXISTS "auth_user_groups_user_id_6a12ed8b" ON "auth_user_groups" ("user_id");
CREATE INDEX IF NOT EXISTS "auth_user_groups_group_id_97559544" ON "auth_user_groups" ("group_id");
CREATE UNIQUE INDEX auth_user_user_permissions_user_id_permission_id_14a6b632_uniq ON "auth_user_user_permissions" ("user_id", "permission_id");
CREATE INDEX IF NOT EXISTS "auth_user_user_permissions_user_id_a95ead1b" ON "auth_user_user_permissions" ("user_id");
CREATE INDEX IF NOT EXISTS "auth_user_user_permissions_permission_id_1fbb5f2c" ON "auth_user_user_permissions" ("permission_id");
CREATE INDEX IF NOT EXISTS "django_admin_log_content_type_id_c4bce8eb" ON "django_admin_log" ("content_type_id");
CREATE INDEX IF NOT EXISTS "django_admin_log_user_id_c564eba6" ON "django_admin_log" ("user_id");
CREATE UNIQUE INDEX django_content_type_app_label_model_76bd3d3b_uniq ON "django_content_type" ("app_label", "model");
CREATE UNIQUE INDEX auth_permission_content_type_id_codename_01ab375a_uniq ON "auth_permission" ("content_type_id", "codename");
CREATE INDEX IF NOT EXISTS "auth_permission_content_type_id_2f476e4b" ON "auth_permission" ("content_type_id");
CREATE INDEX IF NOT EXISTS "django_session_expire_date_a5c62663" ON "django_session" ("expire_date");
CREATE INDEX IF NOT EXISTS "game_gamelog_game_id_486a16ee" ON "game_gamelog" ("game_id");
CREATE INDEX IF NOT EXISTS "game_gamelog_player_id_1909b973" ON "game_gamelog" ("player_id");
CREATE INDEX IF NOT EXISTS "game_artifact_action_id_f3c10a86" ON "game_artifact" ("action_id");
CREATE INDEX IF NOT EXISTS "game_artifact_player_id_83d4fc6a" ON "game_artifact" ("player_id");
CREATE INDEX IF NOT EXISTS "game_action_name_id_b3829dfc" ON "game_action" ("name_id");
CREATE INDEX IF NOT EXISTS "game_game_winner_id_0454b392" ON "game_game" ("winner_id");
CREATE INDEX IF NOT EXISTS "game_card_action_id_a2f1778e" ON "game_card" ("action_id");
CREATE INDEX IF NOT EXISTS "game_cell_action_id_3dfc07cc" ON "game_cell" ("action_id");
CREATE INDEX IF NOT EXISTS "game_cell_game_id_2d836dfd" ON "game_cell" ("game_id");
CREATE INDEX IF NOT EXISTS "game_cell_artifact_id_03ae3da0" ON "game_cell" ("artifact_id");
CREATE INDEX IF NOT EXISTS "game_player_game_id_d1719ce1" ON "game_player" ("game_id");
CREATE TABLE "game_action" ("id" integer NOT NULL PRIMARY KEY AUTOINCREMENT, "name_id" integer NOT NULL REFERENCES "game_actionname" ("id") DEFERRABLE INITIALLY DEFERRED, "value" integer NOT NULL, "player_id" integer NULL);
INSERT INTO "game_action" VALUES(1,2,0,0);
INSERT INTO "game_action" VALUES(2,1,3,0);
INSERT INTO "game_action" VALUES(3,1,-3,0);
INSERT INTO "game_action" VALUES(4,5,30,0);
INSERT INTO "game_action" VALUES(5,6,2,0);
CREATE UNIQUE INDEX auth_group_permissions_group_id_permission_id_0cd325b0_uniq ON "auth_group_permissions" ("group_id", "permission_id");
CREATE INDEX IF NOT EXISTS "auth_group_permissions_group_id_b120cbf9" ON "auth_group_permissions" ("group_id");
CREATE INDEX IF NOT EXISTS "auth_group_permissions_permission_id_84c5c92e" ON "auth_group_permissions" ("permission_id");
CREATE UNIQUE INDEX auth_user_groups_user_id_group_id_94350c0c_uniq ON "auth_user_groups" ("user_id", "group_id");
CREATE INDEX IF NOT EXISTS "auth_user_groups_user_id_6a12ed8b" ON "auth_user_groups" ("user_id");
CREATE INDEX IF NOT EXISTS "auth_user_groups_group_id_97559544" ON "auth_user_groups" ("group_id");
CREATE UNIQUE INDEX auth_user_user_permissions_user_id_permission_id_14a6b632_uniq ON "auth_user_user_permissions" ("user_id", "permission_id");
CREATE INDEX IF NOT EXISTS "auth_user_user_permissions_user_id_a95ead1b" ON "auth_user_user_permissions" ("user_id");
CREATE INDEX IF NOT EXISTS "auth_user_user_permissions_permission_id_1fbb5f2c" ON "auth_user_user_permissions" ("permission_id");
CREATE INDEX IF NOT EXISTS "django_admin_log_content_type_id_c4bce8eb" ON "django_admin_log" ("content_type_id");
CREATE INDEX IF NOT EXISTS "django_admin_log_user_id_c564eba6" ON "django_admin_log" ("user_id");
CREATE UNIQUE INDEX django_content_type_app_label_model_76bd3d3b_uniq ON "django_content_type" ("app_label", "model");
CREATE UNIQUE INDEX auth_permission_content_type_id_codename_01ab375a_uniq ON "auth_permission" ("content_type_id", "codename");
CREATE INDEX IF NOT EXISTS "auth_permission_content_type_id_2f476e4b" ON "auth_permission" ("content_type_id");
CREATE INDEX IF NOT EXISTS "django_session_expire_date_a5c62663" ON "django_session" ("expire_date");
CREATE INDEX IF NOT EXISTS "game_gamelog_game_id_486a16ee" ON "game_gamelog" ("game_id");
CREATE INDEX IF NOT EXISTS "game_gamelog_player_id_1909b973" ON "game_gamelog" ("player_id");
CREATE INDEX IF NOT EXISTS "game_artifact_action_id_f3c10a86" ON "game_artifact" ("action_id");
CREATE INDEX IF NOT EXISTS "game_artifact_player_id_83d4fc6a" ON "game_artifact" ("player_id");
CREATE INDEX IF NOT EXISTS "game_action_name_id_b3829dfc" ON "game_action" ("name_id");
CREATE INDEX IF NOT EXISTS "game_game_winner_id_0454b392" ON "game_game" ("winner_id");
CREATE INDEX IF NOT EXISTS "game_card_action_id_a2f1778e" ON "game_card" ("action_id");
CREATE INDEX IF NOT EXISTS "game_cell_action_id_3dfc07cc" ON "game_cell" ("action_id");
CREATE INDEX IF NOT EXISTS "game_cell_game_id_2d836dfd" ON "game_cell" ("game_id");
CREATE INDEX IF NOT EXISTS "game_cell_artifact_id_03ae3da0" ON "game_cell" ("artifact_id");
CREATE INDEX IF NOT EXISTS "game_player_game_id_d1719ce1" ON "game_player" ("game_id");
CREATE TABLE "game_actionname" ("id" integer NOT NULL PRIMARY KEY AUTOINCREMENT, "name" varchar(20) NOT NULL);
INSERT INTO "game_actionname" VALUES(1,'jumpR');
INSERT INTO "game_actionname" VALUES(2,'jumA');
INSERT INTO "game_actionname" VALUES(3,'pay');
INSERT INTO "game_actionname" VALUES(4,'drop');
INSERT INTO "game_actionname" VALUES(5,'add');
INSERT INTO "game_actionname" VALUES(6,'skip');
CREATE UNIQUE INDEX auth_group_permissions_group_id_permission_id_0cd325b0_uniq ON "auth_group_permissions" ("group_id", "permission_id");
CREATE INDEX IF NOT EXISTS "auth_group_permissions_group_id_b120cbf9" ON "auth_group_permissions" ("group_id");
CREATE INDEX IF NOT EXISTS "auth_group_permissions_permission_id_84c5c92e" ON "auth_group_permissions" ("permission_id");
CREATE UNIQUE INDEX auth_user_groups_user_id_group_id_94350c0c_uniq ON "auth_user_groups" ("user_id", "group_id");
CREATE INDEX IF NOT EXISTS "auth_user_groups_user_id_6a12ed8b" ON "auth_user_groups" ("user_id");
CREATE INDEX IF NOT EXISTS "auth_user_groups_group_id_97559544" ON "auth_user_groups" ("group_id");
CREATE UNIQUE INDEX auth_user_user_permissions_user_id_permission_id_14a6b632_uniq ON "auth_user_user_permissions" ("user_id", "permission_id");
CREATE INDEX IF NOT EXISTS "auth_user_user_permissions_user_id_a95ead1b" ON "auth_user_user_permissions" ("user_id");
CREATE INDEX IF NOT EXISTS "auth_user_user_permissions_permission_id_1fbb5f2c" ON "auth_user_user_permissions" ("permission_id");
CREATE INDEX IF NOT EXISTS "django_admin_log_content_type_id_c4bce8eb" ON "django_admin_log" ("content_type_id");
CREATE INDEX IF NOT EXISTS "django_admin_log_user_id_c564eba6" ON "django_admin_log" ("user_id");
CREATE UNIQUE INDEX django_content_type_app_label_model_76bd3d3b_uniq ON "django_content_type" ("app_label", "model");
CREATE UNIQUE INDEX auth_permission_content_type_id_codename_01ab375a_uniq ON "auth_permission" ("content_type_id", "codename");
CREATE INDEX IF NOT EXISTS "auth_permission_content_type_id_2f476e4b" ON "auth_permission" ("content_type_id");
CREATE INDEX IF NOT EXISTS "django_session_expire_date_a5c62663" ON "django_session" ("expire_date");
CREATE INDEX IF NOT EXISTS "game_gamelog_game_id_486a16ee" ON "game_gamelog" ("game_id");
CREATE INDEX IF NOT EXISTS "game_gamelog_player_id_1909b973" ON "game_gamelog" ("player_id");
CREATE INDEX IF NOT EXISTS "game_artifact_action_id_f3c10a86" ON "game_artifact" ("action_id");
CREATE INDEX IF NOT EXISTS "game_artifact_player_id_83d4fc6a" ON "game_artifact" ("player_id");
CREATE INDEX IF NOT EXISTS "game_action_name_id_b3829dfc" ON "game_action" ("name_id");
CREATE INDEX IF NOT EXISTS "game_game_winner_id_0454b392" ON "game_game" ("winner_id");
CREATE INDEX IF NOT EXISTS "game_card_action_id_a2f1778e" ON "game_card" ("action_id");
CREATE INDEX IF NOT EXISTS "game_cell_action_id_3dfc07cc" ON "game_cell" ("action_id");
CREATE INDEX IF NOT EXISTS "game_cell_game_id_2d836dfd" ON "game_cell" ("game_id");
CREATE INDEX IF NOT EXISTS "game_cell_artifact_id_03ae3da0" ON "game_cell" ("artifact_id");
CREATE INDEX IF NOT EXISTS "game_player_game_id_d1719ce1" ON "game_player" ("game_id");
CREATE TABLE "game_artifact" ("id" integer NOT NULL PRIMARY KEY AUTOINCREMENT, "name" varchar(20) NOT NULL, "owned" bool NOT NULL, "price" integer NOT NULL, "action_id" integer NULL REFERENCES "game_action" ("id") DEFERRABLE INITIALLY DEFERRED, "player_id" integer NULL REFERENCES "game_player" ("id") DEFERRABLE INITIALLY DEFERRED);
INSERT INTO "game_artifact" VALUES(3,'firstArtifact',0,6,2,NULL);
INSERT INTO "game_artifact" VALUES(4,'secondArtifact',0,2,5,NULL);
CREATE UNIQUE INDEX auth_group_permissions_group_id_permission_id_0cd325b0_uniq ON "auth_group_permissions" ("group_id", "permission_id");
CREATE INDEX IF NOT EXISTS "auth_group_permissions_group_id_b120cbf9" ON "auth_group_permissions" ("group_id");
CREATE INDEX IF NOT EXISTS "auth_group_permissions_permission_id_84c5c92e" ON "auth_group_permissions" ("permission_id");
CREATE UNIQUE INDEX auth_user_groups_user_id_group_id_94350c0c_uniq ON "auth_user_groups" ("user_id", "group_id");
CREATE INDEX IF NOT EXISTS "auth_user_groups_user_id_6a12ed8b" ON "auth_user_groups" ("user_id");
CREATE INDEX IF NOT EXISTS "auth_user_groups_group_id_97559544" ON "auth_user_groups" ("group_id");
CREATE UNIQUE INDEX auth_user_user_permissions_user_id_permission_id_14a6b632_uniq ON "auth_user_user_permissions" ("user_id", "permission_id");
CREATE INDEX IF NOT EXISTS "auth_user_user_permissions_user_id_a95ead1b" ON "auth_user_user_permissions" ("user_id");
CREATE INDEX IF NOT EXISTS "auth_user_user_permissions_permission_id_1fbb5f2c" ON "auth_user_user_permissions" ("permission_id");
CREATE INDEX IF NOT EXISTS "django_admin_log_content_type_id_c4bce8eb" ON "django_admin_log" ("content_type_id");
CREATE INDEX IF NOT EXISTS "django_admin_log_user_id_c564eba6" ON "django_admin_log" ("user_id");
CREATE UNIQUE INDEX django_content_type_app_label_model_76bd3d3b_uniq ON "django_content_type" ("app_label", "model");
CREATE UNIQUE INDEX auth_permission_content_type_id_codename_01ab375a_uniq ON "auth_permission" ("content_type_id", "codename");
CREATE INDEX IF NOT EXISTS "auth_permission_content_type_id_2f476e4b" ON "auth_permission" ("content_type_id");
CREATE INDEX IF NOT EXISTS "django_session_expire_date_a5c62663" ON "django_session" ("expire_date");
CREATE INDEX IF NOT EXISTS "game_gamelog_game_id_486a16ee" ON "game_gamelog" ("game_id");
CREATE INDEX IF NOT EXISTS "game_gamelog_player_id_1909b973" ON "game_gamelog" ("player_id");
CREATE INDEX IF NOT EXISTS "game_artifact_action_id_f3c10a86" ON "game_artifact" ("action_id");
CREATE INDEX IF NOT EXISTS "game_artifact_player_id_83d4fc6a" ON "game_artifact" ("player_id");
CREATE INDEX IF NOT EXISTS "game_action_name_id_b3829dfc" ON "game_action" ("name_id");
CREATE INDEX IF NOT EXISTS "game_game_winner_id_0454b392" ON "game_game" ("winner_id");
CREATE INDEX IF NOT EXISTS "game_card_action_id_a2f1778e" ON "game_card" ("action_id");
CREATE INDEX IF NOT EXISTS "game_cell_action_id_3dfc07cc" ON "game_cell" ("action_id");
CREATE INDEX IF NOT EXISTS "game_cell_game_id_2d836dfd" ON "game_cell" ("game_id");
CREATE INDEX IF NOT EXISTS "game_cell_artifact_id_03ae3da0" ON "game_cell" ("artifact_id");
CREATE INDEX IF NOT EXISTS "game_player_game_id_d1719ce1" ON "game_player" ("game_id");
CREATE TABLE "game_card" ("id" integer NOT NULL PRIMARY KEY AUTOINCREMENT, "action_id" integer NOT NULL REFERENCES "game_action" ("id") DEFERRABLE INITIALLY DEFERRED);
INSERT INTO "game_card" VALUES(1,1);
INSERT INTO "game_card" VALUES(2,4);
INSERT INTO "game_card" VALUES(3,5);
INSERT INTO "game_card" VALUES(4,4);
INSERT INTO "game_card" VALUES(5,2);
INSERT INTO "game_card" VALUES(6,3);
CREATE UNIQUE INDEX auth_group_permissions_group_id_permission_id_0cd325b0_uniq ON "auth_group_permissions" ("group_id", "permission_id");
CREATE INDEX IF NOT EXISTS "auth_group_permissions_group_id_b120cbf9" ON "auth_group_permissions" ("group_id");
CREATE INDEX IF NOT EXISTS "auth_group_permissions_permission_id_84c5c92e" ON "auth_group_permissions" ("permission_id");
CREATE UNIQUE INDEX auth_user_groups_user_id_group_id_94350c0c_uniq ON "auth_user_groups" ("user_id", "group_id");
CREATE INDEX IF NOT EXISTS "auth_user_groups_user_id_6a12ed8b" ON "auth_user_groups" ("user_id");
CREATE INDEX IF NOT EXISTS "auth_user_groups_group_id_97559544" ON "auth_user_groups" ("group_id");
CREATE UNIQUE INDEX auth_user_user_permissions_user_id_permission_id_14a6b632_uniq ON "auth_user_user_permissions" ("user_id", "permission_id");
CREATE INDEX IF NOT EXISTS "auth_user_user_permissions_user_id_a95ead1b" ON "auth_user_user_permissions" ("user_id");
CREATE INDEX IF NOT EXISTS "auth_user_user_permissions_permission_id_1fbb5f2c" ON "auth_user_user_permissions" ("permission_id");
CREATE INDEX IF NOT EXISTS "django_admin_log_content_type_id_c4bce8eb" ON "django_admin_log" ("content_type_id");
CREATE INDEX IF NOT EXISTS "django_admin_log_user_id_c564eba6" ON "django_admin_log" ("user_id");
CREATE UNIQUE INDEX django_content_type_app_label_model_76bd3d3b_uniq ON "django_content_type" ("app_label", "model");
CREATE UNIQUE INDEX auth_permission_content_type_id_codename_01ab375a_uniq ON "auth_permission" ("content_type_id", "codename");
CREATE INDEX IF NOT EXISTS "auth_permission_content_type_id_2f476e4b" ON "auth_permission" ("content_type_id");
CREATE INDEX IF NOT EXISTS "django_session_expire_date_a5c62663" ON "django_session" ("expire_date");
CREATE INDEX IF NOT EXISTS "game_gamelog_game_id_486a16ee" ON "game_gamelog" ("game_id");
CREATE INDEX IF NOT EXISTS "game_gamelog_player_id_1909b973" ON "game_gamelog" ("player_id");
CREATE INDEX IF NOT EXISTS "game_artifact_action_id_f3c10a86" ON "game_artifact" ("action_id");
CREATE INDEX IF NOT EXISTS "game_artifact_player_id_83d4fc6a" ON "game_artifact" ("player_id");
CREATE INDEX IF NOT EXISTS "game_action_name_id_b3829dfc" ON "game_action" ("name_id");
CREATE INDEX IF NOT EXISTS "game_game_winner_id_0454b392" ON "game_game" ("winner_id");
CREATE INDEX IF NOT EXISTS "game_card_action_id_a2f1778e" ON "game_card" ("action_id");
CREATE INDEX IF NOT EXISTS "game_cell_action_id_3dfc07cc" ON "game_cell" ("action_id");
CREATE INDEX IF NOT EXISTS "game_cell_game_id_2d836dfd" ON "game_cell" ("game_id");
CREATE INDEX IF NOT EXISTS "game_cell_artifact_id_03ae3da0" ON "game_cell" ("artifact_id");
CREATE INDEX IF NOT EXISTS "game_player_game_id_d1719ce1" ON "game_player" ("game_id");
CREATE TABLE "game_cell" ("id" integer NOT NULL PRIMARY KEY AUTOINCREMENT, "cell_index" integer NOT NULL, "description" varchar(100) NOT NULL, "action_id" integer NULL REFERENCES "game_action" ("id") DEFERRABLE INITIALLY DEFERRED, "game_id" integer NOT NULL REFERENCES "game_game" ("id") DEFERRABLE INITIALLY DEFERRED, "artifact_id" integer NULL REFERENCES "game_artifact" ("id") DEFERRABLE INITIALLY DEFERRED);
INSERT INTO "game_cell" VALUES(1,0,'firstCell',2,1,NULL);
INSERT INTO "game_cell" VALUES(2,1,'secondCell',5,1,3);
CREATE UNIQUE INDEX auth_group_permissions_group_id_permission_id_0cd325b0_uniq ON "auth_group_permissions" ("group_id", "permission_id");
CREATE INDEX IF NOT EXISTS "auth_group_permissions_group_id_b120cbf9" ON "auth_group_permissions" ("group_id");
CREATE INDEX IF NOT EXISTS "auth_group_permissions_permission_id_84c5c92e" ON "auth_group_permissions" ("permission_id");
CREATE UNIQUE INDEX auth_user_groups_user_id_group_id_94350c0c_uniq ON "auth_user_groups" ("user_id", "group_id");
CREATE INDEX IF NOT EXISTS "auth_user_groups_user_id_6a12ed8b" ON "auth_user_groups" ("user_id");
CREATE INDEX IF NOT EXISTS "auth_user_groups_group_id_97559544" ON "auth_user_groups" ("group_id");
CREATE UNIQUE INDEX auth_user_user_permissions_user_id_permission_id_14a6b632_uniq ON "auth_user_user_permissions" ("user_id", "permission_id");
CREATE INDEX IF NOT EXISTS "auth_user_user_permissions_user_id_a95ead1b" ON "auth_user_user_permissions" ("user_id");
CREATE INDEX IF NOT EXISTS "auth_user_user_permissions_permission_id_1fbb5f2c" ON "auth_user_user_permissions" ("permission_id");
CREATE INDEX IF NOT EXISTS "django_admin_log_content_type_id_c4bce8eb" ON "django_admin_log" ("content_type_id");
CREATE INDEX IF NOT EXISTS "django_admin_log_user_id_c564eba6" ON "django_admin_log" ("user_id");
CREATE UNIQUE INDEX django_content_type_app_label_model_76bd3d3b_uniq ON "django_content_type" ("app_label", "model");
CREATE UNIQUE INDEX auth_permission_content_type_id_codename_01ab375a_uniq ON "auth_permission" ("content_type_id", "codename");
CREATE INDEX IF NOT EXISTS "auth_permission_content_type_id_2f476e4b" ON "auth_permission" ("content_type_id");
CREATE INDEX IF NOT EXISTS "django_session_expire_date_a5c62663" ON "django_session" ("expire_date");
CREATE INDEX IF NOT EXISTS "game_gamelog_game_id_486a16ee" ON "game_gamelog" ("game_id");
CREATE INDEX IF NOT EXISTS "game_gamelog_player_id_1909b973" ON "game_gamelog" ("player_id");
CREATE INDEX IF NOT EXISTS "game_artifact_action_id_f3c10a86" ON "game_artifact" ("action_id");
CREATE INDEX IF NOT EXISTS "game_artifact_player_id_83d4fc6a" ON "game_artifact" ("player_id");
CREATE INDEX IF NOT EXISTS "game_action_name_id_b3829dfc" ON "game_action" ("name_id");
CREATE INDEX IF NOT EXISTS "game_game_winner_id_0454b392" ON "game_game" ("winner_id");
CREATE INDEX IF NOT EXISTS "game_card_action_id_a2f1778e" ON "game_card" ("action_id");
CREATE INDEX IF NOT EXISTS "game_cell_action_id_3dfc07cc" ON "game_cell" ("action_id");
CREATE INDEX IF NOT EXISTS "game_cell_game_id_2d836dfd" ON "game_cell" ("game_id");
CREATE INDEX IF NOT EXISTS "game_cell_artifact_id_03ae3da0" ON "game_cell" ("artifact_id");
CREATE INDEX IF NOT EXISTS "game_player_game_id_d1719ce1" ON "game_player" ("game_id");
CREATE TABLE "game_game" ("id" integer NOT NULL PRIMARY KEY AUTOINCREMENT, "name" varchar(50) NOT NULL, "dice" integer NOT NULL, "credit" integer NOT NULL, "current_player_id" integer NOT NULL, "current_round" integer NOT NULL, "game_ended" bool NOT NULL, "created" datetime NOT NULL, "modified" datetime NOT NULL, "winner_id" integer NULL REFERENCES "auth_user" ("id") DEFERRABLE INITIALLY DEFERRED, "cycle_value" integer NOT NULL, "is_cycle_enabled" bool NOT NULL, "player_count" integer NOT NULL, "termination_condition" varchar(20) NOT NULL, "termination_value" integer NOT NULL, "ready_player_count" integer NULL, "game_status" varchar(30) NOT NULL);
INSERT INTO "game_game" VALUES(1,'firstGame',3,100,2,0,0,'2019-12-22 03:49:24.050695','2019-12-22 19:12:11.050439',NULL,2,1,0,'round',5,1,'Game is not started');
INSERT INTO "game_game" VALUES(2,'second_game',3,100,2,0,0,'2019-12-22 17:14:00.546931','2019-12-22 17:15:08.461736',NULL,3,1,0,'round',0,0,'initial game');
CREATE UNIQUE INDEX auth_group_permissions_group_id_permission_id_0cd325b0_uniq ON "auth_group_permissions" ("group_id", "permission_id");
CREATE INDEX IF NOT EXISTS "auth_group_permissions_group_id_b120cbf9" ON "auth_group_permissions" ("group_id");
CREATE INDEX IF NOT EXISTS "auth_group_permissions_permission_id_84c5c92e" ON "auth_group_permissions" ("permission_id");
CREATE UNIQUE INDEX auth_user_groups_user_id_group_id_94350c0c_uniq ON "auth_user_groups" ("user_id", "group_id");
CREATE INDEX IF NOT EXISTS "auth_user_groups_user_id_6a12ed8b" ON "auth_user_groups" ("user_id");
CREATE INDEX IF NOT EXISTS "auth_user_groups_group_id_97559544" ON "auth_user_groups" ("group_id");
CREATE UNIQUE INDEX auth_user_user_permissions_user_id_permission_id_14a6b632_uniq ON "auth_user_user_permissions" ("user_id", "permission_id");
CREATE INDEX IF NOT EXISTS "auth_user_user_permissions_user_id_a95ead1b" ON "auth_user_user_permissions" ("user_id");
CREATE INDEX IF NOT EXISTS "auth_user_user_permissions_permission_id_1fbb5f2c" ON "auth_user_user_permissions" ("permission_id");
CREATE INDEX IF NOT EXISTS "django_admin_log_content_type_id_c4bce8eb" ON "django_admin_log" ("content_type_id");
CREATE INDEX IF NOT EXISTS "django_admin_log_user_id_c564eba6" ON "django_admin_log" ("user_id");
CREATE UNIQUE INDEX django_content_type_app_label_model_76bd3d3b_uniq ON "django_content_type" ("app_label", "model");
CREATE UNIQUE INDEX auth_permission_content_type_id_codename_01ab375a_uniq ON "auth_permission" ("content_type_id", "codename");
CREATE INDEX IF NOT EXISTS "auth_permission_content_type_id_2f476e4b" ON "auth_permission" ("content_type_id");
CREATE INDEX IF NOT EXISTS "django_session_expire_date_a5c62663" ON "django_session" ("expire_date");
CREATE INDEX IF NOT EXISTS "game_gamelog_game_id_486a16ee" ON "game_gamelog" ("game_id");
CREATE INDEX IF NOT EXISTS "game_gamelog_player_id_1909b973" ON "game_gamelog" ("player_id");
CREATE INDEX IF NOT EXISTS "game_artifact_action_id_f3c10a86" ON "game_artifact" ("action_id");
CREATE INDEX IF NOT EXISTS "game_artifact_player_id_83d4fc6a" ON "game_artifact" ("player_id");
CREATE INDEX IF NOT EXISTS "game_action_name_id_b3829dfc" ON "game_action" ("name_id");
CREATE INDEX IF NOT EXISTS "game_game_winner_id_0454b392" ON "game_game" ("winner_id");
CREATE INDEX IF NOT EXISTS "game_card_action_id_a2f1778e" ON "game_card" ("action_id");
CREATE INDEX IF NOT EXISTS "game_cell_action_id_3dfc07cc" ON "game_cell" ("action_id");
CREATE INDEX IF NOT EXISTS "game_cell_game_id_2d836dfd" ON "game_cell" ("game_id");
CREATE INDEX IF NOT EXISTS "game_cell_artifact_id_03ae3da0" ON "game_cell" ("artifact_id");
CREATE INDEX IF NOT EXISTS "game_player_game_id_d1719ce1" ON "game_player" ("game_id");
CREATE TABLE "game_gamelog" ("id" integer NOT NULL PRIMARY KEY AUTOINCREMENT, "message" varchar(100) NOT NULL, "created" datetime NOT NULL, "modified" datetime NOT NULL, "game_id" integer NOT NULL REFERENCES "game_game" ("id") DEFERRABLE INITIALLY DEFERRED, "player_id" integer NULL REFERENCES "auth_user" ("id") DEFERRABLE INITIALLY DEFERRED);
INSERT INTO "game_gamelog" VALUES(1,'dummy message','2019-12-22 09:04:43.025824','2019-12-22 10:47:37.745971',1,NULL);
CREATE UNIQUE INDEX auth_group_permissions_group_id_permission_id_0cd325b0_uniq ON "auth_group_permissions" ("group_id", "permission_id");
CREATE INDEX IF NOT EXISTS "auth_group_permissions_group_id_b120cbf9" ON "auth_group_permissions" ("group_id");
CREATE INDEX IF NOT EXISTS "auth_group_permissions_permission_id_84c5c92e" ON "auth_group_permissions" ("permission_id");
CREATE UNIQUE INDEX auth_user_groups_user_id_group_id_94350c0c_uniq ON "auth_user_groups" ("user_id", "group_id");
CREATE INDEX IF NOT EXISTS "auth_user_groups_user_id_6a12ed8b" ON "auth_user_groups" ("user_id");
CREATE INDEX IF NOT EXISTS "auth_user_groups_group_id_97559544" ON "auth_user_groups" ("group_id");
CREATE UNIQUE INDEX auth_user_user_permissions_user_id_permission_id_14a6b632_uniq ON "auth_user_user_permissions" ("user_id", "permission_id");
CREATE INDEX IF NOT EXISTS "auth_user_user_permissions_user_id_a95ead1b" ON "auth_user_user_permissions" ("user_id");
CREATE INDEX IF NOT EXISTS "auth_user_user_permissions_permission_id_1fbb5f2c" ON "auth_user_user_permissions" ("permission_id");
CREATE INDEX IF NOT EXISTS "django_admin_log_content_type_id_c4bce8eb" ON "django_admin_log" ("content_type_id");
CREATE INDEX IF NOT EXISTS "django_admin_log_user_id_c564eba6" ON "django_admin_log" ("user_id");
CREATE UNIQUE INDEX django_content_type_app_label_model_76bd3d3b_uniq ON "django_content_type" ("app_label", "model");
CREATE UNIQUE INDEX auth_permission_content_type_id_codename_01ab375a_uniq ON "auth_permission" ("content_type_id", "codename");
CREATE INDEX IF NOT EXISTS "auth_permission_content_type_id_2f476e4b" ON "auth_permission" ("content_type_id");
CREATE INDEX IF NOT EXISTS "django_session_expire_date_a5c62663" ON "django_session" ("expire_date");
CREATE INDEX IF NOT EXISTS "game_gamelog_game_id_486a16ee" ON "game_gamelog" ("game_id");
CREATE INDEX IF NOT EXISTS "game_gamelog_player_id_1909b973" ON "game_gamelog" ("player_id");
CREATE INDEX IF NOT EXISTS "game_artifact_action_id_f3c10a86" ON "game_artifact" ("action_id");
CREATE INDEX IF NOT EXISTS "game_artifact_player_id_83d4fc6a" ON "game_artifact" ("player_id");
CREATE INDEX IF NOT EXISTS "game_action_name_id_b3829dfc" ON "game_action" ("name_id");
CREATE INDEX IF NOT EXISTS "game_game_winner_id_0454b392" ON "game_game" ("winner_id");
CREATE INDEX IF NOT EXISTS "game_card_action_id_a2f1778e" ON "game_card" ("action_id");
CREATE INDEX IF NOT EXISTS "game_cell_action_id_3dfc07cc" ON "game_cell" ("action_id");
CREATE INDEX IF NOT EXISTS "game_cell_game_id_2d836dfd" ON "game_cell" ("game_id");
CREATE INDEX IF NOT EXISTS "game_cell_artifact_id_03ae3da0" ON "game_cell" ("artifact_id");
CREATE INDEX IF NOT EXISTS "game_player_game_id_d1719ce1" ON "game_player" ("game_id");
CREATE TABLE "game_player" ("id" integer NOT NULL PRIMARY KEY AUTOINCREMENT, "name" varchar(40) NOT NULL, "skipLeftRound" integer NOT NULL, "credits" integer NOT NULL, "current_cell" integer NOT NULL, "game_id" integer NULL REFERENCES "game_game" ("id") DEFERRABLE INITIALLY DEFERRED, "user_id" integer NULL UNIQUE REFERENCES "auth_user" ("id") DEFERRABLE INITIALLY DEFERRED, "is_ready" bool NOT NULL, "next_available_move" varchar(20) NOT NULL, "artifact_count" integer NOT NULL);
INSERT INTO "game_player" VALUES(2,'kemal',0,100,0,1,10,1,'roll',0);
INSERT INTO "game_player" VALUES(3,'mustafa',0,100,0,1,11,1,'roll',0);
INSERT INTO "game_player" VALUES(4,'root',0,100,0,1,4,0,'roll',0);
CREATE UNIQUE INDEX auth_group_permissions_group_id_permission_id_0cd325b0_uniq ON "auth_group_permissions" ("group_id", "permission_id");
CREATE INDEX IF NOT EXISTS "auth_group_permissions_group_id_b120cbf9" ON "auth_group_permissions" ("group_id");
CREATE INDEX IF NOT EXISTS "auth_group_permissions_permission_id_84c5c92e" ON "auth_group_permissions" ("permission_id");
CREATE UNIQUE INDEX auth_user_groups_user_id_group_id_94350c0c_uniq ON "auth_user_groups" ("user_id", "group_id");
CREATE INDEX IF NOT EXISTS "auth_user_groups_user_id_6a12ed8b" ON "auth_user_groups" ("user_id");
CREATE INDEX IF NOT EXISTS "auth_user_groups_group_id_97559544" ON "auth_user_groups" ("group_id");
CREATE UNIQUE INDEX auth_user_user_permissions_user_id_permission_id_14a6b632_uniq ON "auth_user_user_permissions" ("user_id", "permission_id");
CREATE INDEX IF NOT EXISTS "auth_user_user_permissions_user_id_a95ead1b" ON "auth_user_user_permissions" ("user_id");
CREATE INDEX IF NOT EXISTS "auth_user_user_permissions_permission_id_1fbb5f2c" ON "auth_user_user_permissions" ("permission_id");
CREATE INDEX IF NOT EXISTS "django_admin_log_content_type_id_c4bce8eb" ON "django_admin_log" ("content_type_id");
CREATE INDEX IF NOT EXISTS "django_admin_log_user_id_c564eba6" ON "django_admin_log" ("user_id");
CREATE UNIQUE INDEX django_content_type_app_label_model_76bd3d3b_uniq ON "django_content_type" ("app_label", "model");
CREATE UNIQUE INDEX auth_permission_content_type_id_codename_01ab375a_uniq ON "auth_permission" ("content_type_id", "codename");
CREATE INDEX IF NOT EXISTS "auth_permission_content_type_id_2f476e4b" ON "auth_permission" ("content_type_id");
CREATE INDEX IF NOT EXISTS "django_session_expire_date_a5c62663" ON "django_session" ("expire_date");
CREATE INDEX IF NOT EXISTS "game_gamelog_game_id_486a16ee" ON "game_gamelog" ("game_id");
CREATE INDEX IF NOT EXISTS "game_gamelog_player_id_1909b973" ON "game_gamelog" ("player_id");
CREATE INDEX IF NOT EXISTS "game_artifact_action_id_f3c10a86" ON "game_artifact" ("action_id");
CREATE INDEX IF NOT EXISTS "game_artifact_player_id_83d4fc6a" ON "game_artifact" ("player_id");
CREATE INDEX IF NOT EXISTS "game_action_name_id_b3829dfc" ON "game_action" ("name_id");
CREATE INDEX IF NOT EXISTS "game_game_winner_id_0454b392" ON "game_game" ("winner_id");
CREATE INDEX IF NOT EXISTS "game_card_action_id_a2f1778e" ON "game_card" ("action_id");
CREATE INDEX IF NOT EXISTS "game_cell_action_id_3dfc07cc" ON "game_cell" ("action_id");
CREATE INDEX IF NOT EXISTS "game_cell_game_id_2d836dfd" ON "game_cell" ("game_id");
CREATE INDEX IF NOT EXISTS "game_cell_artifact_id_03ae3da0" ON "game_cell" ("artifact_id");
CREATE INDEX IF NOT EXISTS "game_player_game_id_d1719ce1" ON "game_player" ("game_id");
